〇	2
㐀	2
㐁	2
㐄	2
㐅	2
㐤	2
㐲	2
㐴	2
㐹	2
㐻	2
㑁	2
㑃	2
㑌	2
㑑	2
㑤	2
㑳	2
㑺	2
㑽	2
㑾	2
㒓	2
㒖	2
㒥	2
㒯	2
㒰	2
㒼	2
㓈	2
㓟	2
㓤	2
㓻	2
㓾	2
㔂	2
㔆	2
㔊	2
㔾	2
㕑	2
㕙	2
㕡	2
㕤	2
㕥	2
㕩	2
㕫	2
㕬	2
㕭	2
㕰	2
㕱	2
㕲	2
㕶	2
㕷	2
㕸	2
㖄	2
㖅	2
㖇	2
㖗	2
㖘	2
㖠	2
㖡	2
㖤	2
㖥	2
㖸	2
㖹	2
㖺	2
㖿	2
㗁	2
㗅	2
㗇	2
㗊	2
㗖	2
㗛	2
㗭	2
㗱	2
㗲	2
㗳	2
㗻	2
㗼	2
㗾	2
㘆	2
㘈	2
㘉	2
㘍	2
㘚	2
㘣	2
㘥	2
㘭	2
㘹	2
㙇	2
㙈	2
㙉	2
㙎	2
㙡	2
㙳	2
㙺	2
㚁	2
㚇	2
㚚	2
㚥	2
㚪	2
㚬	2
㚰	2
㚱	2
㚵	2
㚹	2
㚻	2
㚼	2
㛁	2
㛃	2
㛄	2
㛅	2
㛓	2
㛔	2
㛖	2
㛝	2
㛥	2
㛦	2
㛵	2
㜃	2
㜅	2
㜈	2
㜊	2
㜍	2
㜜	2
㜢	2
㜣	2
㜥	2
㜮	2
㜰	2
㜲	2
㜳	2
㜺	2
㝀	2
㝃	2
㝢	2
㝥	2
㝩	2
㝯	2
㞓	2
㞗	2
㞹	2
㞾	2
㟖	2
㟲	2
㟸	2
㟻	2
㠏	2
㠙	2
㠠	2
㠭	2
㠶	2
㠸	2
㡑	2
㡓	2
㡣	2
㡧	2
㢠	2
㢨	2
㢬	2
㣃	2
㣌	2
㣑	2
㣔	2
㣺	2
㤈	2
㤉	2
㤋	2
㤔	2
㤧	2
㤲	2
㤿	2
㥍	2
㥏	2
㥣	2
㥮	2
㥸	2
㥼	2
㦀	2
㦉	2
㦊	2
㦒	2
㦛	2
㦡	2
㦤	2
㦸	2
㧍	2
㧒	2
㧙	2
㧡	2
㧢	2
㧣	2
㧥	2
㧬	2
㧯	2
㧳	2
㧸	2
㧻	2
㧾	2
㨁	2
㨃	2
㨄	2
㨆	2
㨊	2
㨎	2
㨖	2
㨗	2
㨞	2
㨠	2
㨨	2
㨩	2
㨪	2
㨮	2
㨴	2
㨻	2
㩋	2
㩐	2
㩒	2
㩗	2
㩚	2
㩜	2
㩝	2
㩞	2
㩦	2
㩧	2
㩳	2
㪕	2
㪫	2
㪹	2
㫞	2
㫠	2
㫰	2
㫲	2
㫻	2
㬎	2
㬙	2
㬢	2
㬫	2
㬹	2
㭂	2
㭘	2
㭠	2
㭱	2
㭲	2
㭻	2
㭼	2
㮀	2
㮕	2
㮖	2
㮙	2
㮡	2
㯂	2
㯄	2
㯈	2
㯗	2
㯝	2
㯬	2
㯲	2
㯳	2
㰍	2
㰑	2
㰕	2
㰘	2
㰰	2
㱄	2
㱔	2
㲉	2
㲋	2
㳋	2
㳍	2
㳑	2
㳖	2
㳜	2
㳫	2
㴒	2
㴓	2
㴙	2
㴝	2
㴩	2
㴲	2
㴷	2
㴻	2
㵆	2
㵌	2
㵎	2
㵑	2
㵟	2
㵢	2
㵩	2
㵪	2
㵯	2
㵲	2
㵵	2
㵽	2
㶅	2
㶈	2
㶏	2
㶑	2
㶭	2
㶴	2
㶿	2
㷆	2
㷇	2
㷈	2
㷉	2
㷍	2
㷓	2
㷟	2
㷫	2
㷮	2
㷳	2
㷴	2
㷷	2
㷼	2
㸸	2
㹀	2
㹂	2
㹃	2
㹕	2
㹭	2
㹴	2
㺖	2
㺨	2
㺩	2
㺪	2
㺭	2
㺱	2
㺸	2
㺿	2
㻂	2
㻊	2
㻌	2
㻑	2
㻖	2
㻗	2
㻞	2
㻡	2
㻧	2
㻫	2
㻰	2
㻺	2
㻿	2
㼄	2
㼇	2
㼎	2
㼜	2
㼿	2
㽘	2
㽙	2
㽣	2
㽹	2
㾀	2
㾏	2
㾐	2
㾓	2
㿈	2
㿗	2
㿜	2
㿥	2
㿭	2
㿹	2
㿺	2
䀄	2
䀉	2
䀐	2
䀟	2
䀹	2
䁅	2
䁓	2
䁗	2
䁢	2
䁥	2
䁫	2
䁯	2
䁱	2
䂻	2
䂿	2
䃈	2
䃎	2
䃘	2
䃦	2
䃰	2
䃸	2
䃺	2
䄂	2
䄃	2
䄄	2
䄉	2
䄍	2
䄎	2
䄲	2
䄻	2
䅧	2
䅬	2
䅮	2
䅼	2
䅿	2
䆀	2
䆐	2
䆲	2
䇌	2
䇏	2
䇛	2
䇦	2
䇭	2
䇯	2
䇹	2
䇼	2
䈑	2
䈣	2
䉀	2
䉠	2
䉪	2
䉶	2
䉺	2
䊆	2
䊔	2
䊕	2
䊵	2
䊹	2
䊼	2
䋊	2
䋎	2
䋭	2
䋴	2
䋻	2
䋼	2
䌫	2
䍉	2
䍮	2
䎗	2
䎚	2
䎱	2
䎺	2
䏁	2
䏙	2
䏟	2
䏰	2
䏲	2
䐁	2
䐂	2
䐓	2
䐥	2
䐭	2
䐶	2
䑙	2
䑲	2
䑺	2
䒏	2
䒟	2
䒠	2
䒢	2
䒰	2
䒱	2
䒷	2
䒽	2
䓃	2
䓅	2
䓎	2
䓝	2
䓞	2
䓟	2
䓤	2
䓴	2
䔃	2
䔄	2
䔉	2
䔋	2
䔖	2
䔛	2
䔝	2
䔮	2
䔳	2
䔶	2
䔻	2
䔽	2
䔿	2
䕃	2
䕑	2
䕒	2
䕕	2
䕘	2
䕡	2
䕢	2
䕪	2
䕭	2
䕸	2
䖅	2
䖚	2
䖦	2
䖳	2
䗊	2
䗚	2
䗩	2
䗪	2
䗿	2
䘃	2
䘆	2
䘏	2
䘕	2
䘗	2
䘥	2
䘼	2
䙛	2
䙡	2
䙺	2
䚀	2
䚡	2
䚻	2
䛏	2
䛐	2
䛟	2
䛵	2
䛷	2
䜑	2
䜓	2
䜘	2
䜶	2
䝄	2
䝋	2
䝎	2
䝏	2
䞘	2
䞦	2
䞶	2
䟉	2
䟕	2
䟙	2
䟜	2
䟞	2
䟡	2
䟬	2
䟭	2
䟴	2
䟿	2
䠀	2
䠈	2
䠋	2
䠡	2
䠷	2
䡁	2
䡝	2
䢛	2
䢭	2
䢮	2
䣐	2
䣝	2
䣭	2
䣺	2
䤆	2
䤑	2
䤝	2
䤞	2
䤥	2
䤪	2
䤭	2
䤵	2
䤾	2
䥅	2
䥑	2
䥥	2
䥪	2
䥲	2
䥳	2
䦟	2
䦡	2
䦧	2
䧟	2
䧥	2
䧧	2
䨏	2
䨝	2
䨤	2
䨵	2
䨶	2
䩺	2
䪖	2
䪤	2
䪮	2
䪴	2
䪸	2
䫌	2
䫑	2
䫤	2
䫿	2
䬐	2
䬙	2
䬠	2
䬫	2
䬬	2
䬷	2
䭁	2
䭔	2
䭞	2
䭯	2
䭰	2
䭲	2
䭻	2
䭾	2
䮎	2
䮐	2
䮓	2
䮖	2
䮗	2
䮝	2
䮽	2
䮾	2
䯀	2
䰄	2
䰎	2
䰲	2
䰻	2
䰾	2
䱀	2
䱇	2
䱗	2
䱚	2
䱛	2
䱤	2
䱭	2
䱵	2
䱷	2
䱻	2
䱽	2
䲁	2
䲂	2
䲅	2
䲮	2
䲰	2
䲷	2
䳍	2
䳡	2
䳢	2
䳭	2
䴇	2
䴉	2
䴐	2
䴴	2
䵚	2
䵦	2
䵶	2
䵷	2
䶉	2
䶊	2
䶍	2
䶑	2
䶕	2
䶗	2
䶜	2
䶧	2
丂	2
丄	2
丅	2
丌	2
与	2
丏	2
丒	2
丗	2
丠	2
両	2
丢	2
丣	2
两	2
丩	2
个	2
丮	2
丯	2
丱	2
丳	2
丵	2
丽	2
丿	2
乀	2
乁	2
乂	2
乆	2
乇	2
义	2
乑	2
乔	2
乗	2
乚	2
乢	2
乣	2
乨	2
乪	2
乱	2
乴	2
乵	2
乹	2
乿	2
亀	2
亁	2
亃	2
亄	2
亅	2
亇	2
争	2
亏	2
亖	2
亗	2
亘	2
亜	2
亝	2
亣	2
亯	2
亰	2
亱	2
亲	2
亴	2
亶	2
亷	2
亹	2
亼	2
亾	2
仂	2
仅	2
仈	2
仌	2
从	2
仏	2
仐	2
仚	2
仛	2
仜	2
仠	2
仡	2
仢	2
仦	2
仧	2
仩	2
仮	2
仯	2
仱	2
仳	2
仴	2
仵	2
价	2
仹	2
仺	2
仼	2
仾	2
伀	2
伂	2
伃	2
伄	2
伅	2
伆	2
伇	2
伈	2
伋	2
伌	2
伒	2
伓	2
伔	2
伖	2
众	2
优	2
会	2
伛	2
伜	2
伝	2
伨	2
伬	2
伭	2
伮	2
伱	2
伲	2
伳	2
伵	2
伷	2
伹	2
伻	2
伾	2
伿	2
佀	2
佁	2
佂	2
佄	2
佅	2
佊	2
佋	2
佌	2
佒	2
体	2
佖	2
佚	2
佡	2
佧	2
佪	2
佫	2
佭	2
佮	2
佱	2
佲	2
佷	2
佸	2
佹	2
佺	2
佽	2
佾	2
侀	2
侁	2
侂	2
侅	2
侇	2
侉	2
侊	2
侌	2
侎	2
侐	2
侒	2
侓	2
侕	2
侙	2
侚	2
侜	2
侞	2
侟	2
侠	2
価	2
侢	2
侣	2
侰	2
侱	2
侲	2
侳	2
侴	2
侸	2
侹	2
侺	2
侻	2
侼	2
侽	2
侾	2
俀	2
俁	2
俆	2
俇	2
俈	2
俉	2
俋	2
俌	2
俍	2
俒	2
俓	2
俔	2
俕	2
俖	2
俙	2
俜	2
俢	2
俣	2
俥	2
俩	2
俰	2
俲	2
俴	2
俵	2
俶	2
俷	2
俹	2
俻	2
俼	2
俽	2
俿	2
倁	2
倂	2
倃	2
倄	2
倅	2
倇	2
倈	2
倊	2
倎	2
倐	2
倓	2
倕	2
倗	2
倛	2
倝	2
倞	2
倠	2
倢	2
倧	2
倯	2
倰	2
倱	2
倲	2
倳	2
倴	2
倵	2
倷	2
倸	2
倹	2
偀	2
偂	2
偄	2
偅	2
偆	2
偊	2
偋	2
偍	2
偐	2
偑	2
偒	2
偓	2
偔	2
偖	2
偗	2
偘	2
偙	2
偝	2
偞	2
偠	2
偡	2
偢	2
偣	2
偤	2
偦	2
偧	2
偨	2
偩	2
偪	2
偫	2
偬	2
偮	2
偯	2
偰	2
偱	2
偲	2
偳	2
偹	2
偺	2
偻	2
偼	2
傁	2
傂	2
傃	2
傄	2
傆	2
傇	2
傈	2
傉	2
傊	2
傋	2
傌	2
傎	2
傏	2
傐	2
傒	2
傓	2
傔	2
傗	2
傛	2
傜	2
傝	2
傞	2
傟	2
傠	2
傡	2
傪	2
傫	2
傮	2
傰	2
傱	2
傴	2
傶	2
傸	2
傹	2
傼	2
傽	2
傿	2
僀	2
僁	2
僃	2
僄	2
僆	2
僇	2
僈	2
僋	2
僌	2
働	2
僎	2
僐	2
僒	2
僓	2
僔	2
僗	2
僘	2
僙	2
僛	2
僜	2
僝	2
僞	2
僟	2
僠	2
僡	2
僢	2
僣	2
僤	2
僦	2
僨	2
僩	2
僪	2
僫	2
僬	2
僯	2
僰	2
僳	2
僴	2
僶	2
僷	2
僸	2
僺	2
僼	2
僽	2
僾	2
僿	2
儁	2
儃	2
儇	2
儊	2
儋	2
儌	2
儍	2
儎	2
儐	2
儑	2
儓	2
儖	2
儗	2
儙	2
儚	2
儛	2
儜	2
儝	2
儠	2
儢	2
儣	2
儤	2
儥	2
儦	2
儧	2
儨	2
儩	2
儫	2
儬	2
儭	2
儮	2
儯	2
儰	2
儱	2
儳	2
儴	2
儵	2
儶	2
儸	2
儽	2
儿	2
兂	2
兏	2
兑	2
兓	2
兖	2
兘	2
党	2
兛	2
兝	2
兞	2
兟	2
兠	2
兣	2
兤	2
兦	2
兲	2
关	2
兹	2
兾	2
冂	2
冃	2
冄	2
内	2
冈	2
冋	2
册	2
冎	2
冏	2
冐	2
冓	2
冔	2
冖	2
冘	2
写	2
冞	2
冟	2
冡	2
冣	2
冦	2
冨	2
冭	2
冱	2
冲	2
决	2
冴	2
况	2
冸	2
冹	2
冺	2
冾	2
冿	2
净	2
凁	2
凂	2
凃	2
凄	2
凅	2
凇	2
凉	2
凊	2
凎	2
减	2
凐	2
凑	2
凒	2
凓	2
凔	2
凕	2
凖	2
凗	2
凘	2
凙	2
凚	2
凛	2
凞	2
凟	2
凢	2
凣	2
凤	2
凥	2
凨	2
凬	2
凭	2
凮	2
凲	2
凴	2
凵	2
凷	2
凾	2
刄	2
刅	2
刉	2
刋	2
刌	2
刎	2
刏	2
刐	2
刓	2
刔	2
刕	2
刘	2
刜	2
刞	2
刟	2
删	2
刡	2
刢	2
刣	2
刦	2
刧	2
别	2
刯	2
刱	2
刲	2
刳	2
刴	2
刵	2
刹	2
刼	2
刽	2
剄	2
剅	2
剆	2
剈	2
剏	2
剒	2
剓	2
剕	2
剗	2
剘	2
剙	2
剚	2
剞	2
剟	2
剠	2
剡	2
剢	2
剣	2
剤	2
剥	2
剧	2
剨	2
剫	2
剬	2
剭	2
剰	2
剳	2
剴	2
剶	2
剸	2
剹	2
剺	2
剻	2
剼	2
剾	2
劀	2
劁	2
劂	2
劄	2
劅	2
劆	2
劋	2
劌	2
劎	2
劐	2
劒	2
劓	2
劔	2
劕	2
劖	2
劗	2
劘	2
劙	2
劚	2
劜	2
劝	2
办	2
劤	2
劥	2
劧	2
动	2
劮	2
劯	2
劰	2
励	2
劳	2
労	2
劶	2
劷	2
劸	2
劺	2
劻	2
劼	2
劽	2
势	2
勀	2
勂	2
勄	2
勆	2
勈	2
勊	2
勌	2
勍	2
勎	2
勏	2
勑	2
勓	2
勔	2
勖	2
勜	2
勠	2
勡	2
勥	2
勦	2
勧	2
勨	2
勩	2
勪	2
勫	2
勬	2
勭	2
勮	2
勯	2
勰	2
勱	2
勲	2
勴	2
勶	2
勷	2
勼	2
勽	2
匀	2
匃	2
匄	2
匉	2
匊	2
匋	2
匌	2
匎	2
匏	2
匑	2
匒	2
匓	2
匔	2
匘	2
匚	2
匛	2
匜	2
匞	2
匟	2
匢	2
匥	2
匧	2
匨	2
匩	2
匫	2
匬	2
匰	2
匲	2
匳	2
匴	2
匵	2
匶	2
匷	2
匸	2
区	2
医	2
匼	2
匽	2
卂	2
卄	2
卆	2
卋	2
卌	2
卍	2
协	2
卐	2
单	2
単	2
卙	2
卛	2
卝	2
卞	2
卟	2
卣	2
卤	2
卧	2
卨	2
卩	2
卪	2
卬	2
卭	2
卲	2
却	2
卶	2
卺	2
卼	2
卾	2
厀	2
厂	2
历	2
厇	2
厈	2
厉	2
厊	2
压	2
厎	2
厏	2
厒	2
厓	2
厖	2
厗	2
厘	2
厙	2
厜	2
厞	2
厡	2
厤	2
厦	2
厧	2
厨	2
厩	2
厪	2
厫	2
厬	2
厮	2
厯	2
厰	2
厱	2
厳	2
厶	2
厷	2
厸	2
厹	2
厺	2
厽	2
厾	2
叀	2
叁	2
参	2
叅	2
双	2
収	2
叏	2
叐	2
叓	2
叙	2
叚	2
叜	2
叝	2
叞	2
叠	2
叧	2
叴	2
叶	2
号	2
叹	2
叽	2
叿	2
吀	2
吂	2
吅	2
吇	2
吓	2
吕	2
吘	2
吙	2
吚	2
吜	2
吢	2
吣	2
吤	2
吥	2
吨	2
吪	2
听	2
启	2
吰	2
吲	2
吴	2
吷	2
吺	2
呁	2
呄	2
呅	2
呇	2
呌	2
呍	2
呏	2
呐	2
呒	2
呚	2
呝	2
呞	2
呟	2
呠	2
呡	2
呣	2
呥	2
呧	2
呩	2
呫	2
呭	2
呮	2
呯	2
呴	2
呹	2
呺	2
呾	2
呿	2
咃	2
咅	2
咇	2
咈	2
咉	2
咊	2
咍	2
咏	2
咑	2
咓	2
咘	2
咞	2
咟	2
咠	2
咡	2
咢	2
咤	2
咥	2
咨	2
咮	2
咰	2
咵	2
咶	2
咷	2
咹	2
咺	2
咼	2
咾	2
哃	2
哅	2
哊	2
响	2
哖	2
哚	2
哠	2
哣	2
哤	2
哫	2
哬	2
哯	2
哰	2
哱	2
哳	2
哴	2
哵	2
哶	2
哷	2
哸	2
哹	2
哻	2
哾	2
哿	2
唀	2
唂	2
唃	2
唅	2
唈	2
唊	2
唋	2
唌	2
唍	2
唎	2
唒	2
唓	2
唕	2
唖	2
唗	2
唘	2
唙	2
唚	2
唦	2
唩	2
唪	2
唫	2
唭	2
唲	2
唴	2
唶	2
唹	2
唺	2
唻	2
唼	2
唽	2
唿	2
啀	2
啁	2
啂	2
啅	2
啇	2
啈	2
啉	2
啋	2
啌	2
啍	2
啎	2
啒	2
啓	2
啔	2
啗	2
啘	2
啙	2
啚	2
啛	2
啝	2
啠	2
啢	2
啣	2
啨	2
啶	2
啺	2
啽	2
喅	2
喈	2
喍	2
喐	2
喓	2
喕	2
喖	2
喗	2
喛	2
喞	2
喠	2
喡	2
喢	2
喣	2
喤	2
喥	2
喦	2
喨	2
喫	2
喭	2
喯	2
喱	2
喴	2
営	2
喿	2
嗀	2
嗁	2
嗂	2
嗃	2
嗈	2
嗉	2
嗊	2
嗋	2
嗍	2
嗏	2
嗐	2
嗕	2
嗗	2
嗘	2
嗙	2
嗛	2
嗞	2
嗠	2
嗩	2
嗸	2
嗹	2
嗺	2
嗻	2
嗼	2
嗾	2
嗿	2
嘂	2
嘃	2
嘄	2
嘇	2
嘊	2
嘋	2
嘏	2
嘐	2
嘑	2
嘒	2
嘓	2
嘕	2
嘘	2
嘙	2
嘝	2
嘦	2
嘧	2
嘨	2
嘪	2
嘫	2
嘱	2
嘳	2
嘷	2
嘺	2
嘼	2
嘽	2
嘾	2
噀	2
噂	2
噃	2
噄	2
噅	2
噆	2
噇	2
噈	2
噊	2
噋	2
噍	2
噏	2
噐	2
噑	2
噒	2
噕	2
噖	2
噘	2
噚	2
噞	2
噟	2
噡	2
噣	2
噧	2
噭	2
噮	2
噯	2
噰	2
噳	2
噷	2
噻	2
噽	2
噾	2
噿	2
嚁	2
嚂	2
嚃	2
嚄	2
嚅	2
嚆	2
嚈	2
嚉	2
嚊	2
嚋	2
嚌	2
嚍	2
嚔	2
嚖	2
嚗	2
嚘	2
嚚	2
嚛	2
嚜	2
嚝	2
嚞	2
嚠	2
嚦	2
嚧	2
嚪	2
嚫	2
嚬	2
嚭	2
嚯	2
嚱	2
嚲	2
嚳	2
嚵	2
嚻	2
嚽	2
嚾	2
嚿	2
囃	2
囅	2
囆	2
囇	2
囋	2
囏	2
囐	2
囒	2
囙	2
囜	2
団	2
囥	2
囦	2
囩	2
囬	2
园	2
囮	2
囯	2
囱	2
囲	2
図	2
囶	2
囷	2
囸	2
囻	2
囼	2
国	2
圀	2
圁	2
圂	2
圅	2
圌	2
圎	2
圏	2
圐	2
圑	2
圔	2
圗	2
圚	2
圛	2
圝	2
圞	2
圠	2
圡	2
圢	2
圣	2
圤	2
圥	2
圧	2
圪	2
圫	2
圬	2
圯	2
圱	2
圲	2
圴	2
圵	2
圶	2
圻	2
圼	2
圽	2
圿	2
坁	2
坃	2
坄	2
坅	2
坆	2
坈	2
坉	2
坋	2
坏	2
坒	2
坓	2
坔	2
坕	2
坖	2
块	2
坘	2
坟	2
坢	2
坣	2
坥	2
坧	2
坫	2
坬	2
坭	2
坮	2
坰	2
坱	2
坲	2
坴	2
坵	2
坶	2
坸	2
坹	2
坺	2
坽	2
坾	2
坿	2
垀	2
垁	2
垇	2
垌	2
垍	2
垎	2
垏	2
垐	2
垑	2
垒	2
垓	2
垔	2
垕	2
垖	2
垗	2
垘	2
垙	2
垜	2
垝	2
垞	2
垟	2
垡	2
垤	2
垥	2
垦	2
垧	2
垨	2
垩	2
垬	2
垴	2
垶	2
垷	2
垸	2
垹	2
垺	2
垻	2
垼	2
垽	2
垾	2
垿	2
埀	2
埁	2
埄	2
埅	2
埆	2
埇	2
埈	2
埉	2
埊	2
埌	2
埍	2
埏	2
埐	2
埑	2
埓	2
埛	2
埜	2
埝	2
埞	2
埡	2
埢	2
埣	2
埥	2
埦	2
埧	2
埨	2
埩	2
埪	2
埫	2
埬	2
埭	2
埮	2
埯	2
埰	2
埱	2
埲	2
埳	2
埶	2
埻	2
埽	2
埾	2
埿	2
堁	2
堄	2
堇	2
堈	2
堉	2
堋	2
堌	2
堍	2
堎	2
堐	2
堔	2
堗	2
堘	2
堙	2
堚	2
堛	2
堜	2
堞	2
堟	2
堠	2
堢	2
堣	2
堥	2
堧	2
堨	2
堩	2
堫	2
堬	2
堭	2
堮	2
堲	2
堳	2
堶	2
堷	2
堸	2
堹	2
堻	2
堼	2
堽	2
堾	2
塃	2
塄	2
塅	2
塈	2
塉	2
塍	2
塎	2
塏	2
塐	2
塒	2
塓	2
塕	2
塖	2
塙	2
塛	2
塜	2
塝	2
塟	2
塠	2
塡	2
塣	2
塥	2
塦	2
塧	2
塨	2
塩	2
塪	2
塭	2
塯	2
塱	2
塲	2
塳	2
塴	2
塶	2
塷	2
塸	2
塺	2
塻	2
塼	2
塽	2
塿	2
墁	2
墂	2
墄	2
墆	2
墇	2
墈	2
墋	2
墌	2
墍	2
墎	2
墏	2
墐	2
墔	2
墕	2
墖	2
墘	2
墚	2
墝	2
墠	2
墡	2
墢	2
墣	2
墤	2
墥	2
墦	2
墧	2
墪	2
墫	2
墬	2
墭	2
墯	2
墰	2
墱	2
墲	2
墴	2
墵	2
墷	2
墺	2
墼	2
墽	2
墿	2
壀	2
壂	2
壃	2
壄	2
壆	2
壈	2
壉	2
壊	2
壍	2
壎	2
壏	2
壐	2
壒	2
壔	2
壖	2
壙	2
壚	2
壛	2
壜	2
壝	2
壠	2
壡	2
壣	2
壦	2
壧	2
壨	2
壮	2
声	2
壱	2
売	2
壳	2
壴	2
壵	2
壷	2
壻	2
壼	2
壾	2
壿	2
夁	2
夃	2
处	2
夅	2
夆	2
夈	2
変	2
夊	2
夋	2
夌	2
复	2
夎	2
夐	2
夒	2
夓	2
夗	2
夘	2
夛	2
夝	2
够	2
夡	2
夣	2
夦	2
夨	2
夬	2
夰	2
夲	2
夳	2
头	2
夵	2
夶	2
夼	2
夽	2
夿	2
奀	2
奃	2
奅	2
奆	2
奊	2
奋	2
奌	2
奒	2
奓	2
奙	2
奛	2
奜	2
奝	2
奞	2
奟	2
奡	2
奣	2
奤	2
奥	2
奦	2
奨	2
奩	2
奫	2
奭	2
奯	2
奰	2
奱	2
奲	2
奵	2
奷	2
奺	2
奻	2
奾	2
奿	2
妀	2
妁	2
妅	2
妆	2
妉	2
妋	2
妌	2
妎	2
妏	2
妐	2
妑	2
妔	2
妕	2
妚	2
妛	2
妜	2
妟	2
妠	2
妡	2
妢	2
妦	2
妧	2
妭	2
妯	2
妰	2
妱	2
妴	2
妵	2
妶	2
妷	2
妸	2
妼	2
妽	2
妿	2
姀	2
姁	2
姂	2
姃	2
姄	2
姅	2
姇	2
姈	2
姌	2
姎	2
姏	2
姕	2
姖	2
姗	2
姘	2
姙	2
姛	2
姞	2
姠	2
姡	2
姢	2
姤	2
姧	2
姩	2
姫	2
姭	2
姮	2
姯	2
姰	2
姱	2
姲	2
姴	2
姵	2
姹	2
姺	2
姼	2
姽	2
姾	2
娀	2
娂	2
娄	2
娊	2
娋	2
娌	2
娍	2
娎	2
娏	2
娐	2
娒	2
娔	2
娕	2
娗	2
娙	2
娚	2
娝	2
娞	2
娡	2
娢	2
娤	2
娦	2
娧	2
娨	2
娫	2
娭	2
娰	2
娱	2
娳	2
娵	2
娷	2
娸	2
娹	2
娺	2
娻	2
娽	2
娾	2
娿	2
婂	2
婃	2
婄	2
婅	2
婈	2
婋	2
婌	2
婍	2
婎	2
婏	2
婐	2
婑	2
婒	2
婓	2
婔	2
婖	2
婗	2
婘	2
婙	2
婛	2
婜	2
婝	2
婞	2
婟	2
婠	2
婡	2
婣	2
婤	2
婨	2
婩	2
婮	2
婯	2
婰	2
婱	2
婳	2
婵	2
婸	2
婹	2
婻	2
婼	2
婽	2
婾	2
媀	2
媁	2
媂	2
媃	2
媄	2
媅	2
媆	2
媇	2
媈	2
媉	2
媊	2
媋	2
媌	2
媍	2
媎	2
媏	2
媐	2
媑	2
媓	2
媔	2
媕	2
媖	2
媗	2
媘	2
媙	2
媜	2
媝	2
媟	2
媠	2
媡	2
媢	2
媣	2
媤	2
媥	2
媦	2
媨	2
媩	2
媪	2
媫	2
媬	2
媯	2
媰	2
媱	2
媴	2
媶	2
媷	2
媸	2
媹	2
媻	2
媼	2
媿	2
嫀	2
嫃	2
嫄	2
嫅	2
嫆	2
嫇	2
嫈	2
嫊	2
嫍	2
嫎	2
嫏	2
嫐	2
嫕	2
嫙	2
嫛	2
嫜	2
嫝	2
嫞	2
嫟	2
嫠	2
嫢	2
嫤	2
嫥	2
嫧	2
嫨	2
嫪	2
嫫	2
嫬	2
嫭	2
嫮	2
嫯	2
嫰	2
嫳	2
嫴	2
嫶	2
嫷	2
嫸	2
嫹	2
嫺	2
嫼	2
嫽	2
嫾	2
嬀	2
嬁	2
嬂	2
嬃	2
嬄	2
嬅	2
嬆	2
嬇	2
嬊	2
嬍	2
嬎	2
嬏	2
嬐	2
嬑	2
嬒	2
嬓	2
嬔	2
嬕	2
嬖	2
嬘	2
嬙	2
嬚	2
嬜	2
嬝	2
嬞	2
嬟	2
嬠	2
嬡	2
嬢	2
嬣	2
嬥	2
嬦	2
嬧	2
嬨	2
嬩	2
嬫	2
嬬	2
嬮	2
嬯	2
嬱	2
嬳	2
嬵	2
嬷	2
嬹	2
嬺	2
嬻	2
嬼	2
嬽	2
嬿	2
孁	2
孂	2
孄	2
孅	2
孆	2
孇	2
孈	2
孉	2
孊	2
孋	2
孌	2
孍	2
孎	2
孏	2
孒	2
孓	2
孠	2
孡	2
学	2
孨	2
孮	2
孯	2
孲	2
孴	2
孶	2
孷	2
孹	2
孻	2
孼	2
孾	2
宀	2
宁	2
宂	2
宆	2
宊	2
宍	2
宎	2
宐	2
宒	2
宔	2
宖	2
宝	2
实	2
実	2
宧	2
宨	2
宫	2
宬	2
宭	2
宯	2
宱	2
宲	2
宷	2
宺	2
宻	2
宼	2
寀	2
寁	2
寈	2
寊	2
寋	2
寎	2
寏	2
寑	2
寕	2
寖	2
寗	2
寘	2
寙	2
寚	2
寜	2
寝	2
寠	2
寣	2
寪	2
寭	2
寯	2
寱	2
寲	2
寴	2
寷	2
对	2
寽	2
対	2
寿	2
尀	2
尃	2
将	2
尌	2
尒	2
尓	2
尔	2
尕	2
尗	2
尘	2
尛	2
尞	2
尟	2
尢	2
尣	2
尥	2
尨	2
尩	2
尪	2
尫	2
尯	2
尰	2
尳	2
尵	2
尶	2
尽	2
屇	2
屉	2
届	2
屒	2
屔	2
屖	2
屘	2
屚	2
屛	2
屝	2
属	2
屟	2
屡	2
屧	2
屩	2
屪	2
屫	2
屭	2
屮	2
屰	2
屳	2
屴	2
屵	2
屸	2
屺	2
屻	2
屼	2
屽	2
屾	2
岀	2
岄	2
岅	2
岆	2
岇	2
岈	2
岉	2
岊	2
岋	2
岍	2
岎	2
岏	2
岒	2
岓	2
岕	2
岜	2
岝	2
岞	2
岟	2
岠	2
岣	2
岤	2
岥	2
岦	2
岧	2
岨	2
岪	2
岭	2
岮	2
岯	2
岰	2
岲	2
岴	2
岵	2
岶	2
岷	2
岹	2
岺	2
岻	2
峀	2
峁	2
峆	2
峈	2
峉	2
峊	2
峌	2
峍	2
峎	2
峏	2
峐	2
峑	2
峓	2
峔	2
峖	2
峗	2
峘	2
峚	2
峛	2
峜	2
峝	2
峞	2
峟	2
峡	2
峢	2
峥	2
峦	2
峩	2
峫	2
峬	2
峮	2
峯	2
峱	2
峲	2
峳	2
峵	2
峷	2
峸	2
峹	2
峺	2
峼	2
峾	2
峿	2
崀	2
崆	2
崈	2
崉	2
崊	2
崋	2
崌	2
崍	2
崏	2
崐	2
崒	2
崓	2
崕	2
崘	2
崚	2
崜	2
崝	2
崟	2
崠	2
崡	2
崣	2
崥	2
崦	2
崨	2
崪	2
崫	2
崬	2
崮	2
崯	2
崰	2
崱	2
崲	2
崳	2
崵	2
崶	2
崷	2
崸	2
崹	2
崺	2
崻	2
崼	2
崾	2
崿	2
嵀	2
嵁	2
嵂	2
嵃	2
嵄	2
嵅	2
嵆	2
嵈	2
嵉	2
嵊	2
嵍	2
嵎	2
嵏	2
嵑	2
嵒	2
嵓	2
嵔	2
嵕	2
嵖	2
嵙	2
嵛	2
嵞	2
嵟	2
嵠	2
嵡	2
嵢	2
嵣	2
嵤	2
嵥	2
嵦	2
嵧	2
嵨	2
嵪	2
嵫	2
嵭	2
嵮	2
嵯	2
嵰	2
嵱	2
嵲	2
嵳	2
嵴	2
嵷	2
嵸	2
嵹	2
嵺	2
嵻	2
嵼	2
嵽	2
嵾	2
嵿	2
嶀	2
嶁	2
嶃	2
嶅	2
嶆	2
嶈	2
嶉	2
嶊	2
嶋	2
嶌	2
嶍	2
嶏	2
嶐	2
嶑	2
嶒	2
嶓	2
嶕	2
嶖	2
嶘	2
嶚	2
嶛	2
嶜	2
嶝	2
嶞	2
嶟	2
嶡	2
嶢	2
嶣	2
嶤	2
嶦	2
嶧	2
嶨	2
嶩	2
嶪	2
嶫	2
嶬	2
嶭	2
嶯	2
嶰	2
嶱	2
嶲	2
嶳	2
嶴	2
嶵	2
嶷	2
嶹	2
嶻	2
嶾	2
巀	2
巁	2
巂	2
巃	2
巄	2
巆	2
巇	2
巈	2
巉	2
巊	2
巌	2
巎	2
巏	2
巐	2
巑	2
巓	2
巕	2
巗	2
巙	2
巚	2
巛	2
巜	2
巟	2
巠	2
巣	2
巤	2
巩	2
巵	2
巶	2
巸	2
巺	2
巻	2
币	2
帄	2
帇	2
师	2
帉	2
帊	2
帋	2
帍	2
帎	2
帒	2
帓	2
帗	2
帘	2
帞	2
帟	2
帠	2
帡	2
帢	2
帣	2
帤	2
帨	2
帩	2
帪	2
帬	2
帮	2
帯	2
帰	2
帲	2
帴	2
帵	2
帹	2
帺	2
帾	2
帿	2
幁	2
幂	2
幃	2
幄	2
幆	2
幇	2
幈	2
幊	2
幋	2
幍	2
幏	2
幐	2
幑	2
幒	2
幓	2
幖	2
幘	2
幙	2
幚	2
幛	2
幜	2
幝	2
幞	2
幠	2
幦	2
幧	2
幨	2
幩	2
幪	2
幬	2
幭	2
幮	2
幯	2
幰	2
幵	2
并	2
幺	2
广	2
庀	2
庁	2
庂	2
広	2
庄	2
庈	2
庉	2
庋	2
庌	2
庍	2
庎	2
庐	2
庒	2
庘	2
庙	2
庛	2
庝	2
庡	2
庢	2
庣	2
庤	2
庨	2
庩	2
庪	2
庬	2
庮	2
庯	2
庰	2
庱	2
庲	2
庳	2
庴	2
庹	2
庺	2
庻	2
庽	2
庿	2
廀	2
廃	2
廅	2
廆	2
廇	2
廋	2
廌	2
廍	2
廎	2
廏	2
廐	2
廑	2
廒	2
廔	2
廗	2
廘	2
廙	2
廛	2
廜	2
廞	2
廥	2
廦	2
廧	2
廪	2
廫	2
廮	2
廯	2
廰	2
廱	2
廲	2
廴	2
廵	2
廸	2
廹	2
廼	2
廽	2
廾	2
开	2
异	2
弃	2
弅	2
弆	2
弌	2
弍	2
弎	2
弑	2
弙	2
弚	2
弜	2
弝	2
弞	2
弡	2
弢	2
弣	2
弤	2
弥	2
弨	2
弫	2
弬	2
弮	2
弯	2
弰	2
弲	2
弳	2
弴	2
弶	2
弸	2
弹	2
强	2
弻	2
弽	2
弾	2
弿	2
彂	2
彃	2
彄	2
彇	2
彉	2
彋	2
彍	2
彏	2
彐	2
彑	2
归	2
当	2
彔	2
录	2
彘	2
彚	2
彛	2
彞	2
彡	2
彣	2
彦	2
彮	2
彯	2
彲	2
彳	2
彴	2
彵	2
彶	2
彸	2
彺	2
彽	2
彾	2
徂	2
徃	2
径	2
徆	2
徍	2
徎	2
徏	2
徖	2
徛	2
徝	2
徟	2
徢	2
徣	2
徤	2
徥	2
徦	2
徫	2
徬	2
徯	2
徰	2
徱	2
徲	2
徶	2
徸	2
徻	2
徼	2
徾	2
徿	2
忀	2
忁	2
忂	2
忄	2
忇	2
忈	2
忊	2
忋	2
忎	2
忏	2
忓	2
忔	2
忕	2
忚	2
忛	2
応	2
忞	2
忟	2
忢	2
忣	2
忥	2
忦	2
忧	2
忨	2
忩	2
忬	2
忭	2
忮	2
忯	2
忰	2
忲	2
忳	2
忴	2
忶	2
忷	2
忹	2
忺	2
忼	2
忾	2
怀	2
怇	2
怈	2
怉	2
怊	2
怋	2
怌	2
怍	2
怐	2
怑	2
怓	2
怗	2
怘	2
怚	2
怜	2
怞	2
怟	2
怢	2
怣	2
怤	2
怬	2
怭	2
怮	2
怰	2
怱	2
怲	2
怳	2
怴	2
怶	2
怷	2
怸	2
怹	2
怽	2
恀	2
恄	2
恅	2
恇	2
恈	2
恉	2
恊	2
恋	2
恌	2
恎	2
恏	2
恑	2
恓	2
恔	2
恖	2
恗	2
恘	2
恛	2
恜	2
恞	2
恟	2
恠	2
恡	2
恦	2
恮	2
恱	2
恲	2
恳	2
恴	2
恵	2
恼	2
恾	2
悀	2
悁	2
悂	2
悆	2
悇	2
悈	2
悊	2
悎	2
悏	2
悐	2
悓	2
悘	2
悙	2
悜	2
悝	2
悞	2
悡	2
悢	2
悤	2
悥	2
悦	2
悧	2
悩	2
悪	2
悮	2
悰	2
悳	2
悷	2
悹	2
悺	2
悾	2
悿	2
惀	2
惁	2
惂	2
惃	2
惄	2
惈	2
惉	2
惊	2
惌	2
惍	2
惎	2
惏	2
惐	2
惒	2
惓	2
惔	2
惖	2
惗	2
惙	2
惝	2
惞	2
惢	2
惣	2
惤	2
惥	2
惧	2
惨	2
惩	2
惪	2
惮	2
惵	2
惷	2
惸	2
惼	2
惽	2
惾	2
惿	2
愂	2
愃	2
愄	2
愅	2
愇	2
愊	2
愌	2
愐	2
愑	2
愒	2
愓	2
愖	2
愗	2
愘	2
愙	2
愝	2
愞	2
愠	2
愡	2
愢	2
愨	2
愩	2
愪	2
愬	2
愭	2
愮	2
愯	2
愰	2
愱	2
愲	2
愳	2
愵	2
愶	2
愸	2
愹	2
愺	2
愻	2
愽	2
愿	2
慀	2
慁	2
慂	2
慃	2
慅	2
慆	2
慉	2
慊	2
慏	2
慒	2
慓	2
慔	2
慖	2
慗	2
慙	2
慛	2
慜	2
慝	2
慞	2
慠	2
慡	2
慤	2
慥	2
慦	2
慩	2
慬	2
慭	2
慯	2
慱	2
慲	2
慴	2
慸	2
慹	2
慺	2
慻	2
慽	2
慿	2
憀	2
憁	2
憃	2
憄	2
憅	2
憆	2
憇	2
憈	2
憉	2
憌	2
憏	2
憓	2
憕	2
憖	2
憗	2
憘	2
憛	2
憜	2
憝	2
憞	2
憟	2
憠	2
憡	2
憢	2
憣	2
憥	2
憦	2
憪	2
憭	2
憮	2
憯	2
憰	2
憱	2
憳	2
憴	2
憵	2
憸	2
憺	2
憻	2
憼	2
憽	2
憿	2
懀	2
懁	2
懄	2
懅	2
懆	2
懌	2
懎	2
懏	2
懐	2
懖	2
懗	2
懘	2
懙	2
懚	2
懛	2
懜	2
懝	2
懞	2
懠	2
懢	2
懤	2
懥	2
懧	2
懩	2
懪	2
懫	2
懬	2
懭	2
懮	2
懯	2
懰	2
懱	2
懳	2
懹	2
懻	2
懽	2
戁	2
戂	2
戃	2
戄	2
戅	2
戉	2
戏	2
戓	2
戔	2
战	2
戙	2
戜	2
戝	2
戞	2
戠	2
戡	2
戢	2
戣	2
戤	2
戥	2
戦	2
戨	2
戫	2
戬	2
戭	2
戯	2
戵	2
户	2
戹	2
戺	2
戻	2
戼	2
戽	2
扂	2
扅	2
扆	2
扊	2
扌	2
扏	2
扐	2
扑	2
扗	2
扙	2
扚	2
扜	2
扝	2
扟	2
扡	2
扢	2
扤	2
扥	2
执	2
扰	2
扱	2
扲	2
扴	2
扵	2
扷	2
扸	2
扺	2
扻	2
扽	2
抁	2
抂	2
抃	2
抅	2
抇	2
抈	2
抋	2
抌	2
抍	2
抎	2
抏	2
抐	2
抔	2
抙	2
抚	2
抛	2
抜	2
抝	2
択	2
报	2
抦	2
抧	2
抩	2
抪	2
抭	2
抮	2
抯	2
抰	2
抲	2
抳	2
抴	2
抶	2
抷	2
抸	2
抺	2
抾	2
拀	2
拁	2
担	2
拑	2
拞	2
拟	2
拠	2
拡	2
拤	2
拪	2
拫	2
拰	2
拲	2
拵	2
拸	2
拹	2
拺	2
拻	2
挀	2
挂	2
挃	2
挄	2
挅	2
挆	2
挊	2
挋	2
挌	2
挏	2
挐	2
挒	2
挓	2
挔	2
挕	2
挗	2
挙	2
挛	2
挟	2
挡	2
挣	2
挩	2
挬	2
挭	2
挮	2
挰	2
挱	2
挳	2
挴	2
挵	2
挶	2
挷	2
挸	2
挻	2
挼	2
捀	2
捁	2
捃	2
捄	2
捇	2
捈	2
捊	2
捑	2
捒	2
捓	2
捔	2
捖	2
捗	2
捘	2
捙	2
捚	2
捛	2
捜	2
捝	2
捥	2
捦	2
捪	2
捬	2
捭	2
捯	2
捰	2
捳	2
捴	2
捵	2
捸	2
捹	2
捼	2
捽	2
捾	2
捿	2
掁	2
掅	2
掆	2
掋	2
掍	2
掎	2
掑	2
掓	2
掔	2
掕	2
掗	2
掚	2
掜	2
掝	2
掞	2
掟	2
掤	2
掦	2
掫	2
掭	2
掯	2
掱	2
掺	2
掽	2
掾	2
掿	2
揁	2
揂	2
揃	2
揅	2
揇	2
揊	2
揋	2
揌	2
揓	2
揔	2
揕	2
揗	2
揘	2
揙	2
揜	2
揝	2
揞	2
揟	2
揢	2
揤	2
揥	2
揦	2
揧	2
揨	2
揫	2
揬	2
揯	2
揰	2
揱	2
揲	2
揳	2
揷	2
揺	2
揾	2
搇	2
搈	2
搉	2
搊	2
搌	2
搎	2
搑	2
搒	2
搕	2
搘	2
搙	2
搚	2
搛	2
搝	2
搟	2
搠	2
搢	2
搣	2
搤	2
搧	2
搨	2
搩	2
搫	2
搮	2
搰	2
搱	2
搲	2
搳	2
搷	2
搸	2
搹	2
携	2
搻	2
搼	2
搾	2
搿	2
摀	2
摆	2
摇	2
摋	2
摌	2
摍	2
摎	2
摏	2
摐	2
摓	2
摕	2
摖	2
摗	2
摙	2
摚	2
摛	2
摝	2
摠	2
摡	2
摢	2
摣	2
摤	2
摥	2
摦	2
摨	2
摪	2
摫	2
摬	2
摭	2
摮	2
摰	2
摱	2
摲	2
摴	2
摷	2
摼	2
摾	2
摿	2
撀	2
撆	2
撉	2
撊	2
撋	2
撌	2
撍	2
撎	2
撏	2
撑	2
撖	2
撗	2
撛	2
撜	2
撟	2
撡	2
撢	2
撦	2
撧	2
撨	2
撪	2
撯	2
撱	2
撴	2
撹	2
撽	2
擃	2
擆	2
擈	2
擉	2
擌	2
擏	2
擑	2
擓	2
擕	2
擖	2
擗	2
擙	2
擛	2
擜	2
擟	2
擡	2
擤	2
擥	2
擨	2
擩	2
擪	2
擫	2
擭	2
擮	2
擳	2
擵	2
擶	2
擸	2
擹	2
擽	2
擿	2
攁	2
攂	2
攃	2
攄	2
攅	2
攇	2
攈	2
攉	2
攊	2
攋	2
攌	2
攍	2
攎	2
攐	2
攑	2
攓	2
攕	2
攗	2
攟	2
攠	2
攡	2
攦	2
攧	2
攨	2
攩	2
攭	2
攮	2
攰	2
攱	2
攲	2
攳	2
攴	2
攵	2
攷	2
攺	2
攼	2
攽	2
敀	2
敁	2
敂	2
敃	2
敄	2
敆	2
敇	2
敉	2
敊	2
敋	2
敌	2
敐	2
敒	2
敓	2
敔	2
敚	2
敜	2
敟	2
敠	2
敡	2
敤	2
敥	2
敧	2
敨	2
敪	2
敮	2
敯	2
数	2
敱	2
敳	2
敶	2
敹	2
敻	2
敼	2
敿	2
斀	2
斁	2
斄	2
斅	2
斈	2
斉	2
斊	2
斋	2
斍	2
斎	2
斒	2
斖	2
斘	2
斚	2
斝	2
斞	2
斠	2
斢	2
斣	2
斦	2
斨	2
斪	2
断	2
斮	2
斱	2
斲	2
斳	2
斴	2
斵	2
斶	2
斸	2
斺	2
斻	2
斾	2
斿	2
旂	2
旆	2
旇	2
旈	2
旉	2
旊	2
旍	2
旐	2
旑	2
旒	2
旓	2
旔	2
旘	2
旚	2
旛	2
旜	2
旝	2
旞	2
旟	2
无	2
旡	2
旤	2
旧	2
旪	2
旫	2
旰	2
旲	2
旳	2
旴	2
旵	2
时	2
旹	2
旼	2
旽	2
旾	2
旿	2
昁	2
昃	2
昄	2
昅	2
昈	2
昋	2
昍	2
昐	2
昑	2
昒	2
昖	2
昗	2
昘	2
昚	2
昛	2
昜	2
昝	2
昞	2
昡	2
昢	2
昣	2
昤	2
昦	2
昩	2
昪	2
昫	2
昬	2
昮	2
昰	2
昲	2
昳	2
昵	2
昷	2
昸	2
昹	2
昺	2
昻	2
昼	2
晀	2
晄	2
晅	2
晆	2
晇	2
晈	2
晊	2
晋	2
晍	2
晎	2
晐	2
晑	2
晒	2
晘	2
晙	2
晛	2
晜	2
晠	2
晢	2
晣	2
晥	2
晧	2
晪	2
晫	2
晬	2
晭	2
晱	2
晲	2
晳	2
晵	2
晸	2
晹	2
晻	2
晼	2
晽	2
晿	2
暀	2
暁	2
暅	2
暆	2
暊	2
暋	2
暎	2
暏	2
暐	2
暒	2
暓	2
暔	2
暕	2
暙	2
暚	2
暛	2
暜	2
暝	2
暞	2
暟	2
暠	2
暡	2
暣	2
暤	2
暥	2
暩	2
暪	2
暬	2
暭	2
暯	2
暰	2
暲	2
暳	2
暵	2
暶	2
暷	2
暺	2
暻	2
暼	2
暽	2
暾	2
暿	2
曀	2
曁	2
曂	2
曃	2
曅	2
曈	2
曊	2
曋	2
曍	2
曎	2
曐	2
曑	2
曒	2
曓	2
曔	2
曕	2
曗	2
曘	2
曛	2
曞	2
曟	2
曣	2
曤	2
曥	2
曧	2
曨	2
曪	2
曫	2
曭	2
曮	2
曯	2
曱	2
曵	2
曶	2
朁	2
朄	2
朅	2
朆	2
朇	2
朊	2
朌	2
朎	2
朏	2
朐	2
朒	2
朓	2
朖	2
朘	2
朚	2
朜	2
朞	2
朠	2
朡	2
朢	2
朣	2
朤	2
术	2
朲	2
朳	2
朶	2
朷	2
朸	2
朹	2
机	2
朻	2
朼	2
朾	2
朿	2
杄	2
杇	2
杈	2
杊	2
杋	2
杍	2
杒	2
杔	2
杕	2
杗	2
杘	2
杙	2
杚	2
杛	2
杝	2
杠	2
条	2
来	2
杫	2
杬	2
杮	2
杴	2
杶	2
杸	2
杹	2
杺	2
杻	2
杽	2
枀	2
极	2
枂	2
枃	2
构	2
枅	2
枆	2
枈	2
枊	2
枌	2
枍	2
枎	2
枏	2
枑	2
枒	2
枓	2
枔	2
枖	2
枙	2
枛	2
枞	2
枟	2
枢	2
枣	2
枮	2
枲	2
枴	2
枵	2
枹	2
枺	2
枻	2
枼	2
枽	2
枾	2
枿	2
柀	2
柁	2
柂	2
柃	2
柅	2
柆	2
柇	2
柈	2
柉	2
柊	2
柋	2
柌	2
柍	2
柎	2
柕	2
柖	2
柗	2
柘	2
柙	2
柛	2
柜	2
柞	2
柟	2
柠	2
柡	2
柣	2
柤	2
柦	2
柧	2
柨	2
柪	2
柫	2
柭	2
柮	2
柲	2
柶	2
柷	2
柸	2
柹	2
柼	2
柾	2
栀	2
栁	2
栄	2
栅	2
栒	2
栔	2
栕	2
栖	2
栘	2
栙	2
栚	2
栛	2
栜	2
栞	2
栟	2
栠	2
栢	2
栣	2
栤	2
栥	2
栦	2
栧	2
栨	2
栫	2
栬	2
栭	2
栮	2
栯	2
栰	2
栱	2
栳	2
栵	2
栶	2
样	2
栺	2
栻	2
栾	2
栿	2
桄	2
桇	2
桊	2
桋	2
桍	2
桏	2
桒	2
桖	2
桘	2
桙	2
桫	2
桬	2
桭	2
桮	2
桯	2
桰	2
桱	2
桲	2
桳	2
桵	2
桷	2
桸	2
桹	2
桺	2
桻	2
桼	2
桽	2
桾	2
梀	2
梂	2
梄	2
梇	2
梈	2
梉	2
梊	2
梋	2
梌	2
梎	2
梐	2
梑	2
梒	2
梕	2
梖	2
梘	2
梙	2
梚	2
梛	2
梜	2
梞	2
梡	2
梣	2
梤	2
梥	2
梦	2
梩	2
梪	2
梫	2
梬	2
梮	2
梱	2
梲	2
梴	2
梶	2
梷	2
梸	2
梹	2
棁	2
棃	2
棅	2
棆	2
棇	2
棈	2
棊	2
棌	2
棎	2
棏	2
棐	2
棑	2
棓	2
棔	2
棙	2
棛	2
棜	2
棝	2
棞	2
棡	2
棢	2
棤	2
棥	2
棦	2
棨	2
棩	2
棪	2
棫	2
棬	2
棭	2
棯	2
棰	2
棱	2
棳	2
棴	2
棶	2
棷	2
棸	2
棻	2
棼	2
棽	2
棾	2
棿	2
椁	2
椂	2
椃	2
椄	2
椆	2
椇	2
椈	2
椉	2
椊	2
椋	2
椌	2
椏	2
椐	2
椑	2
椓	2
椔	2
椕	2
椗	2
椘	2
検	2
椞	2
椥	2
椪	2
椮	2
椯	2
椱	2
椲	2
椳	2
椵	2
椶	2
椷	2
椸	2
椺	2
椻	2
椼	2
椾	2
楀	2
楁	2
楃	2
楄	2
楅	2
楆	2
楇	2
楈	2
楉	2
楋	2
楌	2
楍	2
楎	2
楏	2
楐	2
楑	2
楒	2
楕	2
楖	2
楗	2
楘	2
楛	2
楜	2
楟	2
楡	2
楢	2
楤	2
楥	2
楦	2
楧	2
楩	2
楪	2
楫	2
楬	2
楰	2
楱	2
楲	2
楳	2
楴	2
楶	2
楺	2
楻	2
楼	2
榃	2
榅	2
榍	2
榎	2
榏	2
榐	2
榑	2
榒	2
榓	2
榖	2
榗	2
榘	2
榙	2
榚	2
榝	2
榞	2
榟	2
榠	2
榡	2
榢	2
榣	2
榤	2
榥	2
榦	2
榧	2
榩	2
榪	2
榬	2
榯	2
榰	2
榲	2
榳	2
榵	2
榶	2
榸	2
榹	2
榺	2
榼	2
榽	2
榾	2
榿	2
槀	2
槂	2
槄	2
槅	2
槆	2
槇	2
槈	2
槉	2
槊	2
槏	2
槑	2
槒	2
槔	2
槕	2
槖	2
槗	2
槙	2
槡	2
槢	2
槣	2
槥	2
槦	2
槧	2
槩	2
槪	2
槫	2
槬	2
槮	2
槯	2
槰	2
槱	2
槲	2
槴	2
槵	2
槶	2
槷	2
槸	2
槹	2
槻	2
槾	2
樀	2
樃	2
樄	2
樆	2
樇	2
樈	2
樉	2
樋	2
樌	2
樍	2
樎	2
樏	2
樐	2
樒	2
樔	2
樕	2
樖	2
樗	2
樘	2
樚	2
樛	2
樜	2
樝	2
樠	2
樢	2
樤	2
樥	2
樦	2
樧	2
権	2
横	2
樬	2
樲	2
樳	2
樴	2
樶	2
樷	2
樻	2
樼	2
樿	2
橀	2
橁	2
橂	2
橃	2
橅	2
橆	2
橉	2
橊	2
橌	2
橍	2
橎	2
橏	2
橑	2
橒	2
橓	2
橔	2
橕	2
橖	2
橗	2
橚	2
橜	2
橝	2
橞	2
橠	2
橣	2
橤	2
橥	2
橦	2
橧	2
橨	2
橩	2
橪	2
橬	2
橭	2
橮	2
橯	2
橰	2
橱	2
橶	2
橽	2
橾	2
橿	2
檁	2
檂	2
檃	2
檅	2
檆	2
檇	2
檈	2
檉	2
檊	2
檋	2
檌	2
檍	2
檏	2
檐	2
檑	2
檒	2
檓	2
檕	2
檖	2
檘	2
檙	2
檚	2
檛	2
檝	2
檞	2
檟	2
檠	2
檡	2
檤	2
檥	2
檦	2
檧	2
檨	2
檪	2
檫	2
檭	2
檮	2
檰	2
檱	2
檲	2
檴	2
檵	2
檶	2
檷	2
檹	2
檺	2
檼	2
檽	2
檾	2
檿	2
櫀	2
櫁	2
櫂	2
櫄	2
櫅	2
櫆	2
櫇	2
櫈	2
櫋	2
櫌	2
櫍	2
櫎	2
櫏	2
櫐	2
櫑	2
櫒	2
櫔	2
櫕	2
櫖	2
櫗	2
櫘	2
櫙	2
櫜	2
櫞	2
櫠	2
櫡	2
櫢	2
櫣	2
櫨	2
櫩	2
櫪	2
櫭	2
櫮	2
櫯	2
櫰	2
櫲	2
櫳	2
櫴	2
櫶	2
櫹	2
櫺	2
櫼	2
櫽	2
櫾	2
櫿	2
欀	2
欁	2
欂	2
欃	2
欆	2
欇	2
欈	2
欉	2
欋	2
欐	2
欑	2
欓	2
欔	2
欗	2
欘	2
欙	2
欚	2
欛	2
欜	2
欢	2
欤	2
欥	2
欦	2
欧	2
欨	2
欩	2
欪	2
欫	2
欬	2
欭	2
欮	2
欯	2
欰	2
欱	2
欳	2
欴	2
欵	2
欶	2
欼	2
欿	2
歀	2
歁	2
歂	2
歄	2
歅	2
歈	2
歊	2
歋	2
歍	2
歏	2
歑	2
歒	2
歓	2
歕	2
歖	2
歘	2
歜	2
歝	2
歞	2
歠	2
歨	2
歫	2
歬	2
歭	2
歮	2
歯	2
歰	2
歱	2
歵	2
歶	2
歺	2
歽	2
歾	2
殀	2
殁	2
殅	2
殈	2
残	2
殌	2
殎	2
殏	2
殐	2
殔	2
殕	2
殗	2
殙	2
殜	2
殝	2
殟	2
殠	2
殡	2
殢	2
殣	2
殥	2
殦	2
殧	2
殨	2
殩	2
殫	2
殬	2
殰	2
殴	2
殶	2
殸	2
殹	2
殻	2
殽	2
殾	2
毁	2
毃	2
毄	2
毇	2
毈	2
毊	2
毌	2
毑	2
毚	2
毞	2
毠	2
毡	2
毢	2
毣	2
毤	2
毥	2
毦	2
毧	2
毨	2
毩	2
毪	2
毭	2
毰	2
毲	2
毳	2
毴	2
毷	2
毸	2
毹	2
毺	2
毻	2
毼	2
毽	2
毾	2
毿	2
氀	2
氁	2
氂	2
氃	2
氄	2
氆	2
氉	2
氊	2
氋	2
氌	2
氍	2
氒	2
气	2
氕	2
氘	2
氚	2
氜	2
氝	2
氠	2
氥	2
氭	2
氱	2
氲	2
氶	2
氻	2
氼	2
氿	2
汃	2
汄	2
汅	2
汊	2
汋	2
汌	2
汍	2
汏	2
汑	2
汒	2
汓	2
汔	2
汖	2
汘	2
汜	2
污	2
汥	2
汦	2
汧	2
汫	2
汬	2
汭	2
汮	2
汯	2
汱	2
汳	2
汵	2
汷	2
汸	2
汹	2
汻	2
汼	2
汿	2
沀	2
沄	2
沆	2
沇	2
沊	2
沋	2
沍	2
沎	2
沑	2
沕	2
沗	2
沘	2
沚	2
沜	2
沝	2
沞	2
沟	2
沠	2
没	2
沢	2
沪	2
沬	2
沯	2
沰	2
沲	2
沵	2
沶	2
沷	2
沺	2
泀	2
泂	2
泃	2
泄	2
泅	2
泇	2
泈	2
泋	2
泍	2
泎	2
泏	2
泑	2
泒	2
泖	2
泘	2
泙	2
泚	2
泜	2
泝	2
泞	2
泟	2
泤	2
泦	2
泧	2
泩	2
泪	2
泫	2
泬	2
泭	2
泲	2
泴	2
泹	2
泿	2
洀	2
洁	2
洂	2
洃	2
洅	2
洆	2
洇	2
洈	2
洉	2
洊	2
洍	2
洏	2
洐	2
洑	2
洒	2
洓	2
洔	2
洕	2
洖	2
洘	2
洚	2
洜	2
洝	2
洠	2
洡	2
洢	2
洣	2
洤	2
洦	2
洧	2
洨	2
洫	2
洬	2
洭	2
洯	2
洰	2
洴	2
洷	2
洼	2
洿	2
浂	2
浃	2
浅	2
浖	2
浗	2
浘	2
浛	2
浞	2
浟	2
浠	2
浡	2
浢	2
浤	2
浥	2
浧	2
浨	2
浫	2
浬	2
浭	2
浯	2
浰	2
浱	2
浲	2
浳	2
浵	2
浶	2
浺	2
浻	2
浽	2
浿	2
涀	2
涁	2
涂	2
涃	2
涄	2
涆	2
涊	2
涋	2
涍	2
涏	2
涐	2
涖	2
涗	2
涘	2
涚	2
涛	2
涫	2
涬	2
涭	2
涰	2
涱	2
涳	2
涴	2
涶	2
涷	2
涹	2
涺	2
涻	2
涽	2
涾	2
淁	2
淂	2
淃	2
淈	2
淉	2
淊	2
淍	2
淎	2
淏	2
淐	2
淓	2
淔	2
淕	2
淗	2
淛	2
淜	2
淝	2
淟	2
淠	2
淢	2
淣	2
淥	2
淦	2
淧	2
淭	2
淯	2
淰	2
淲	2
淴	2
淽	2
淾	2
淿	2
渀	2
渁	2
渂	2
渃	2
渄	2
渆	2
済	2
渊	2
渋	2
渌	2
渒	2
渗	2
渘	2
渜	2
渞	2
渟	2
渢	2
渨	2
温	2
渪	2
渫	2
渮	2
渰	2
渱	2
渳	2
渵	2
渶	2
渷	2
渹	2
渻	2
渼	2
渽	2
渿	2
湀	2
湁	2
湂	2
湅	2
湆	2
湇	2
湈	2
湋	2
湌	2
湏	2
湐	2
湑	2
湒	2
湕	2
湗	2
湙	2
湚	2
湜	2
湝	2
湞	2
湠	2
湡	2
湢	2
湤	2
湥	2
湦	2
湨	2
湩	2
湪	2
湬	2
湭	2
湰	2
湱	2
湲	2
湳	2
湴	2
湵	2
湶	2
湷	2
湸	2
湹	2
湻	2
湽	2
湾	2
満	2
溆	2
溍	2
溎	2
溑	2
溒	2
溓	2
溔	2
溕	2
溗	2
溙	2
溚	2
溛	2
溞	2
溠	2
溡	2
溣	2
溤	2
溦	2
溨	2
溩	2
溬	2
溭	2
溮	2
溰	2
溳	2
溵	2
溸	2
溹	2
溻	2
溽	2
溾	2
溿	2
滀	2
滃	2
滆	2
滈	2
滉	2
滊	2
滍	2
滏	2
滐	2
滒	2
滖	2
滗	2
滘	2
滚	2
滛	2
滜	2
滝	2
滣	2
滦	2
滨	2
滩	2
滫	2
滭	2
滮	2
滰	2
滱	2
滳	2
滵	2
滶	2
滹	2
滺	2
滻	2
滼	2
滽	2
漀	2
漃	2
漄	2
漅	2
漇	2
漈	2
漊	2
漋	2
漌	2
漍	2
漎	2
漐	2
漑	2
漒	2
漖	2
漗	2
漘	2
漙	2
漛	2
漜	2
漝	2
漞	2
漟	2
漡	2
漤	2
漥	2
漦	2
漧	2
漨	2
漭	2
漮	2
漰	2
漴	2
漵	2
漷	2
漹	2
漺	2
漻	2
漼	2
漽	2
潀	2
潂	2
潃	2
潄	2
潊	2
潎	2
潏	2
潐	2
潒	2
潓	2
潕	2
潖	2
潗	2
潙	2
潚	2
潜	2
潝	2
潠	2
潡	2
潣	2
潥	2
潧	2
潨	2
潩	2
潪	2
潫	2
潬	2
潱	2
潲	2
潳	2
潴	2
潵	2
潶	2
潷	2
潹	2
潻	2
潽	2
潾	2
潿	2
澂	2
澃	2
澅	2
澉	2
澊	2
澋	2
澏	2
澐	2
澑	2
澒	2
澓	2
澔	2
澕	2
澖	2
澘	2
澞	2
澟	2
澢	2
澣	2
澥	2
澦	2
澨	2
澩	2
澪	2
澫	2
澬	2
澭	2
澮	2
澯	2
澰	2
澲	2
澴	2
澵	2
澶	2
澷	2
澸	2
澺	2
澻	2
澽	2
澾	2
澿	2
濄	2
濅	2
濆	2
濇	2
濈	2
濉	2
濊	2
濋	2
濌	2
濍	2
濎	2
濏	2
濐	2
濓	2
濔	2
濖	2
濗	2
濙	2
濚	2
濜	2
濝	2
濞	2
濢	2
濣	2
濥	2
濦	2
濧	2
濨	2
濩	2
濪	2
濬	2
濭	2
濲	2
濳	2
濴	2
濵	2
濷	2
濻	2
濼	2
濽	2
濿	2
瀀	2
瀁	2
瀂	2
瀃	2
瀄	2
瀇	2
瀈	2
瀊	2
瀌	2
瀍	2
瀎	2
瀐	2
瀒	2
瀓	2
瀔	2
瀖	2
瀗	2
瀙	2
瀜	2
瀞	2
瀡	2
瀢	2
瀣	2
瀤	2
瀥	2
瀦	2
瀩	2
瀪	2
瀫	2
瀬	2
瀯	2
瀱	2
瀲	2
瀳	2
瀴	2
瀵	2
瀶	2
瀷	2
瀸	2
瀹	2
瀻	2
瀼	2
瀽	2
瀿	2
灀	2
灁	2
灂	2
灄	2
灅	2
灆	2
灇	2
灈	2
灉	2
灊	2
灋	2
灍	2
灒	2
灓	2
灔	2
灕	2
灖	2
灗	2
灙	2
灚	2
灛	2
灞	2
灟	2
灠	2
灡	2
灢	2
灥	2
灦	2
灧	2
灨	2
灩	2
灪	2
灬	2
灮	2
灯	2
灱	2
灲	2
灳	2
灴	2
灵	2
灷	2
灹	2
灺	2
灻	2
灾	2
炂	2
炃	2
炄	2
炅	2
炆	2
炇	2
炈	2
炉	2
炋	2
炌	2
炍	2
炏	2
炐	2
炑	2
炓	2
炖	2
炗	2
炘	2
炚	2
炛	2
炟	2
炠	2
炡	2
炢	2
炣	2
炤	2
炥	2
炦	2
炧	2
炨	2
炩	2
炪	2
炰	2
炱	2
炲	2
炴	2
炵	2
炶	2
点	2
炻	2
炾	2
烀	2
烄	2
烅	2
烆	2
烇	2
烉	2
烋	2
烌	2
烍	2
烎	2
烐	2
烑	2
烒	2
烓	2
烔	2
烕	2
烖	2
烗	2
烚	2
烛	2
烜	2
烝	2
烞	2
烟	2
烠	2
烡	2
烢	2
烣	2
烮	2
烰	2
烱	2
烲	2
烳	2
烵	2
烶	2
烸	2
烺	2
烻	2
烼	2
烾	2
烿	2
焀	2
焁	2
焂	2
焃	2
焄	2
焅	2
焆	2
焇	2
焈	2
焋	2
焌	2
焍	2
焎	2
焏	2
焐	2
焛	2
焜	2
焝	2
焞	2
焟	2
焠	2
焢	2
焣	2
焤	2
焥	2
焧	2
焨	2
焪	2
焬	2
焭	2
焮	2
焲	2
焳	2
焴	2
焵	2
焷	2
焸	2
焺	2
煁	2
煂	2
煃	2
煄	2
煆	2
煈	2
煋	2
煍	2
煏	2
煐	2
煑	2
煓	2
煔	2
煘	2
煚	2
煛	2
煝	2
煟	2
煠	2
煡	2
煢	2
煣	2
煪	2
煫	2
煭	2
煯	2
煰	2
煴	2
煹	2
煺	2
煻	2
煼	2
煾	2
煿	2
熀	2
熁	2
熂	2
熃	2
熆	2
熇	2
熈	2
熉	2
熋	2
熌	2
熍	2
熎	2
熐	2
熗	2
熚	2
熛	2
熜	2
熝	2
熞	2
熡	2
熢	2
熣	2
熤	2
熦	2
熧	2
熩	2
熪	2
熫	2
熭	2
熮	2
熯	2
熰	2
熲	2
熶	2
熷	2
熸	2
熺	2
熻	2
熼	2
熽	2
熿	2
燀	2
燂	2
燅	2
燆	2
燇	2
燌	2
燍	2
燏	2
燐	2
燑	2
燓	2
燖	2
燗	2
燘	2
燚	2
燛	2
燡	2
燢	2
燣	2
燤	2
燨	2
燩	2
燪	2
燫	2
燯	2
燰	2
燱	2
燲	2
燳	2
燸	2
燺	2
燽	2
燿	2
爀	2
爁	2
爂	2
爃	2
爄	2
爅	2
爈	2
爉	2
爊	2
爋	2
爌	2
爏	2
爑	2
爒	2
爓	2
爔	2
爕	2
爖	2
爙	2
爚	2
爜	2
爝	2
爞	2
爟	2
爠	2
爡	2
爢	2
爣	2
爤	2
爥	2
爦	2
爧	2
爨	2
爩	2
爫	2
爮	2
爯	2
爲	2
爴	2
爼	2
爿	2
牀	2
牁	2
牃	2
牄	2
牅	2
牉	2
牊	2
牋	2
牎	2
牏	2
牐	2
牑	2
牓	2
牔	2
牕	2
牗	2
牚	2
牞	2
牣	2
牥	2
牦	2
牨	2
牪	2
牫	2
牬	2
牭	2
牮	2
牰	2
牱	2
牳	2
牶	2
牷	2
牸	2
牺	2
牻	2
牼	2
牿	2
犂	2
犃	2
犅	2
犆	2
犈	2
犉	2
犋	2
犌	2
犎	2
犏	2
犐	2
犑	2
犓	2
犔	2
犕	2
犗	2
犘	2
犙	2
犚	2
犜	2
犝	2
犞	2
犟	2
犡	2
犣	2
犤	2
犥	2
犦	2
犨	2
犩	2
犪	2
犫	2
犭	2
犮	2
犰	2
犱	2
犲	2
犳	2
犵	2
状	2
犹	2
犺	2
犻	2
犽	2
犾	2
犿	2
狁	2
狃	2
狅	2
狆	2
狇	2
狉	2
狊	2
狋	2
狌	2
狍	2
狏	2
狑	2
狒	2
狓	2
狔	2
狕	2
狖	2
狘	2
狚	2
狛	2
狜	2
狝	2
狟	2
狢	2
狣	2
狤	2
狥	2
狦	2
狧	2
狨	2
狪	2
狫	2
独	2
狭	2
狳	2
狵	2
狶	2
狺	2
狻	2
狾	2
狿	2
猀	2
猁	2
猂	2
猄	2
猅	2
猆	2
猇	2
猈	2
猉	2
猋	2
猌	2
猍	2
猎	2
猏	2
猐	2
猑	2
猒	2
猓	2
猔	2
猕	2
猘	2
猚	2
猞	2
猣	2
猤	2
猦	2
猧	2
猨	2
猪	2
猫	2
猬	2
猭	2
献	2
猯	2
猰	2
猱	2
猲	2
猳	2
猵	2
猸	2
猺	2
猼	2
猽	2
獀	2
獁	2
獂	2
獆	2
獉	2
獊	2
獋	2
獌	2
獍	2
獏	2
獑	2
獓	2
獔	2
獕	2
獖	2
獘	2
獙	2
獚	2
獛	2
獜	2
獝	2
獞	2
獟	2
獡	2
獢	2
獥	2
獦	2
獧	2
獩	2
獪	2
獮	2
獯	2
獱	2
獳	2
獴	2
獶	2
獹	2
獽	2
獿	2
玀	2
玁	2
玂	2
玃	2
玅	2
玈	2
玊	2
玌	2
玍	2
玎	2
玏	2
玐	2
玒	2
玓	2
玔	2
玕	2
玗	2
玘	2
玜	2
玝	2
玞	2
玟	2
玠	2
玡	2
玢	2
玣	2
玤	2
玦	2
玧	2
玪	2
玬	2
玭	2
环	2
玳	2
玴	2
玵	2
玶	2
玸	2
玹	2
玺	2
玼	2
玽	2
玾	2
玿	2
珁	2
珃	2
珄	2
珆	2
珇	2
珉	2
珋	2
珌	2
珎	2
珐	2
珒	2
珓	2
珔	2
珕	2
珖	2
珗	2
珘	2
珙	2
珚	2
珛	2
珜	2
珟	2
珡	2
珢	2
珣	2
珤	2
珦	2
珧	2
珨	2
珫	2
珬	2
珳	2
珴	2
珵	2
珶	2
珷	2
珸	2
珹	2
珻	2
珼	2
珽	2
珿	2
琀	2
琁	2
琂	2
琄	2
琈	2
琋	2
琌	2
琍	2
琔	2
琕	2
琖	2
琗	2
琘	2
琙	2
琚	2
琜	2
琝	2
琞	2
琟	2
琠	2
琡	2
琣	2
琤	2
琧	2
琨	2
琩	2
琫	2
琭	2
琱	2
琲	2
琸	2
琹	2
琼	2
琽	2
琾	2
瑁	2
瑂	2
瑃	2
瑅	2
瑆	2
瑇	2
瑈	2
瑉	2
瑊	2
瑌	2
瑍	2
瑎	2
瑏	2
瑐	2
瑑	2
瑒	2
瑓	2
瑔	2
瑖	2
瑘	2
瑝	2
瑡	2
瑢	2
瑥	2
瑦	2
瑧	2
瑨	2
瑫	2
瑬	2
瑭	2
瑮	2
瑱	2
瑲	2
瑳	2
瑴	2
瑵	2
瑶	2
瑹	2
瑺	2
瑻	2
瑼	2
瑽	2
瑿	2
璁	2
璂	2
璄	2
璅	2
璆	2
璈	2
璊	2
璌	2
璏	2
璑	2
璒	2
璓	2
璔	2
璕	2
璖	2
璗	2
璘	2
璙	2
璚	2
璛	2
璜	2
璠	2
璡	2
璢	2
璥	2
璦	2
璩	2
璪	2
璬	2
璭	2
璮	2
璯	2
璱	2
璲	2
璳	2
璵	2
璶	2
璷	2
璸	2
璹	2
璻	2
璼	2
璾	2
瓀	2
瓁	2
瓂	2
瓃	2
瓄	2
瓅	2
瓆	2
瓇	2
瓈	2
瓉	2
瓋	2
瓌	2
瓍	2
瓎	2
瓐	2
瓑	2
瓓	2
瓕	2
瓖	2
瓗	2
瓘	2
瓙	2
瓚	2
瓛	2
瓝	2
瓞	2
瓟	2
瓡	2
瓥	2
瓩	2
瓪	2
瓫	2
瓬	2
瓭	2
瓮	2
瓯	2
瓳	2
瓵	2
瓹	2
瓺	2
瓻	2
瓽	2
瓾	2
甀	2
甁	2
甂	2
甃	2
甆	2
甇	2
甈	2
甉	2
甊	2
甋	2
甍	2
甏	2
甐	2
甑	2
甒	2
甓	2
甔	2
甖	2
甗	2
甛	2
甝	2
甠	2
甡	2
甤	2
甧	2
甪	2
甮	2
甶	2
甹	2
画	2
甽	2
甾	2
甿	2
畁	2
畂	2
畃	2
畄	2
畆	2
畇	2
畈	2
畉	2
畊	2
畍	2
畎	2
畐	2
畕	2
畖	2
畗	2
畘	2
畚	2
畞	2
畟	2
畡	2
畣	2
畤	2
畦	2
畧	2
畨	2
畬	2
畭	2
畮	2
畯	2
畲	2
畵	2
畷	2
畹	2
畺	2
畻	2
畼	2
畽	2
畾	2
疀	2
疁	2
疃	2
疄	2
疅	2
疈	2
疉	2
疌	2
疐	2
疒	2
疓	2
疔	2
疕	2
疘	2
疛	2
疜	2
疞	2
疢	2
疥	2
疦	2
疧	2
疨	2
疩	2
疪	2
疱	2
疴	2
疶	2
疷	2
疺	2
疻	2
疿	2
痀	2
痁	2
痄	2
痆	2
痋	2
痌	2
痎	2
痐	2
痑	2
痒	2
痓	2
痗	2
痚	2
痜	2
痝	2
痟	2
痡	2
痥	2
痦	2
痬	2
痭	2
痮	2
痯	2
痳	2
痵	2
痶	2
痷	2
痸	2
痹	2
痻	2
痽	2
瘃	2
瘇	2
瘈	2
瘊	2
瘌	2
瘎	2
瘏	2
瘐	2
瘑	2
瘒	2
瘔	2
瘖	2
瘚	2
瘝	2
瘣	2
瘨	2
瘬	2
瘭	2
瘯	2
瘰	2
瘱	2
瘶	2
瘷	2
瘹	2
瘺	2
瘼	2
瘽	2
癀	2
癁	2
癃	2
癄	2
癅	2
癈	2
癉	2
癊	2
癋	2
癎	2
癏	2
癐	2
癑	2
癓	2
癔	2
癕	2
癗	2
癙	2
癚	2
癛	2
癠	2
癡	2
癨	2
癪	2
癭	2
癵	2
癶	2
癹	2
癿	2
皀	2
皁	2
皃	2
皅	2
皉	2
皊	2
皌	2
皍	2
皏	2
皒	2
皔	2
皕	2
皗	2
皘	2
皛	2
皜	2
皝	2
皞	2
皡	2
皢	2
皣	2
皤	2
皥	2
皧	2
皨	2
皩	2
皪	2
皫	2
皭	2
皯	2
皳	2
皵	2
皶	2
皹	2
皻	2
皽	2
皾	2
盀	2
盁	2
盄	2
盇	2
盉	2
盋	2
盓	2
盕	2
盖	2
盗	2
盙	2
盚	2
盝	2
盠	2
盢	2
盦	2
盨	2
盩	2
盫	2
盬	2
盭	2
盰	2
盳	2
盵	2
盶	2
盷	2
盺	2
盻	2
盽	2
盿	2
眀	2
眂	2
眃	2
眅	2
眆	2
眊	2
眎	2
眏	2
眐	2
眑	2
眒	2
眓	2
眔	2
眕	2
眖	2
眗	2
眘	2
眚	2
眛	2
眜	2
眝	2
眢	2
眣	2
眤	2
眦	2
眧	2
眪	2
眫	2
眮	2
眰	2
眳	2
眴	2
眵	2
眹	2
眻	2
眽	2
眿	2
着	2
睁	2
睂	2
睄	2
睅	2
睈	2
睊	2
睋	2
睌	2
睍	2
睎	2
睓	2
睔	2
睕	2
睖	2
睗	2
睙	2
睝	2
睟	2
睠	2
睤	2
睧	2
睩	2
睭	2
睮	2
睯	2
睰	2
睱	2
睲	2
睳	2
睴	2
睵	2
睶	2
睷	2
睸	2
睻	2
睼	2
睾	2
瞁	2
瞂	2
瞃	2
瞈	2
瞉	2
瞊	2
瞍	2
瞏	2
瞐	2
瞔	2
瞕	2
瞖	2
瞗	2
瞘	2
瞙	2
瞚	2
瞛	2
瞜	2
瞝	2
瞡	2
瞢	2
瞣	2
瞤	2
瞦	2
瞨	2
瞩	2
瞫	2
瞮	2
瞯	2
瞱	2
瞲	2
瞴	2
瞵	2
瞶	2
瞷	2
瞸	2
瞹	2
瞺	2
瞾	2
矀	2
矁	2
矂	2
矃	2
矄	2
矅	2
矆	2
矉	2
矊	2
矌	2
矎	2
矏	2
矐	2
矑	2
矒	2
矓	2
矔	2
矕	2
矖	2
矘	2
矙	2
矝	2
矞	2
矟	2
矠	2
矡	2
矤	2
矦	2
矧	2
矨	2
矪	2
矰	2
矱	2
矲	2
矴	2
矵	2
矷	2
矹	2
矺	2
矻	2
矼	2
砃	2
砄	2
砅	2
砆	2
砇	2
砈	2
砉	2
砊	2
砋	2
砎	2
砏	2
砐	2
砑	2
砒	2
砓	2
砕	2
砠	2
砡	2
砢	2
砤	2
砨	2
砩	2
砪	2
砫	2
砬	2
砮	2
砯	2
砱	2
砳	2
砵	2
砶	2
硂	2
硄	2
硅	2
硆	2
硇	2
硈	2
硉	2
硊	2
硋	2
硍	2
硑	2
硜	2
硞	2
硟	2
硠	2
硡	2
硢	2
硣	2
硤	2
硥	2
硦	2
硧	2
硩	2
硪	2
硭	2
确	2
硰	2
硱	2
硶	2
硸	2
硹	2
硺	2
硻	2
硽	2
硾	2
碀	2
碂	2
碃	2
碄	2
碅	2
碆	2
碈	2
碊	2
碋	2
碍	2
碏	2
碐	2
碒	2
碔	2
碕	2
碖	2
碙	2
碝	2
碞	2
碠	2
碡	2
碢	2
碤	2
碥	2
碦	2
碨	2
碪	2
碫	2
碬	2
碮	2
碯	2
碱	2
碲	2
碻	2
碽	2
碿	2
磀	2
磂	2
磃	2
磄	2
磆	2
磇	2
磈	2
磉	2
磌	2
磍	2
磎	2
磏	2
磑	2
磒	2
磓	2
磔	2
磖	2
磛	2
磜	2
磝	2
磞	2
磟	2
磠	2
磢	2
磤	2
磦	2
磩	2
磪	2
磫	2
磭	2
磰	2
磱	2
磳	2
磴	2
磶	2
磸	2
磹	2
磻	2
磼	2
磽	2
磾	2
磿	2
礀	2
礂	2
礄	2
礅	2
礆	2
礇	2
礈	2
礉	2
礊	2
礋	2
礌	2
礍	2
礏	2
礐	2
礑	2
礒	2
礔	2
礕	2
礗	2
礘	2
礚	2
礛	2
礜	2
礝	2
礞	2
礟	2
礠	2
礡	2
礣	2
礤	2
礥	2
礧	2
礨	2
礩	2
礭	2
礮	2
礯	2
礰	2
礲	2
礵	2
礷	2
礸	2
礹	2
礼	2
礽	2
礿	2
祄	2
祅	2
祆	2
祊	2
祋	2
祌	2
祏	2
祑	2
祒	2
祓	2
祔	2
祕	2
祘	2
祙	2
祡	2
祢	2
祣	2
祤	2
祦	2
祩	2
祪	2
祫	2
祬	2
祮	2
祰	2
祱	2
祲	2
祳	2
祴	2
祵	2
祶	2
祷	2
祹	2
祼	2
祽	2
祾	2
禀	2
禃	2
禄	2
禇	2
禈	2
禉	2
禊	2
禋	2
禌	2
禐	2
禑	2
禒	2
禓	2
禔	2
禖	2
禗	2
禘	2
禚	2
禛	2
禜	2
禝	2
禞	2
禟	2
禠	2
禡	2
禢	2
禤	2
禥	2
禨	2
禩	2
禫	2
禬	2
禭	2
禯	2
禲	2
禴	2
禵	2
禶	2
禷	2
禸	2
离	2
秂	2
秃	2
秄	2
秅	2
秆	2
秇	2
秊	2
种	2
秎	2
秏	2
秐	2
秓	2
秔	2
秗	2
秙	2
秚	2
秛	2
秜	2
秝	2
秞	2
秠	2
秡	2
秢	2
秥	2
秨	2
秪	2
秫	2
秬	2
秮	2
称	2
秱	2
秲	2
秳	2
秵	2
秶	2
秷	2
秹	2
秺	2
秿	2
稁	2
稂	2
稃	2
稄	2
稆	2
稇	2
稉	2
稊	2
稌	2
税	2
稏	2
稐	2
稑	2
稒	2
稓	2
稕	2
稖	2
稗	2
稘	2
稙	2
稛	2
稝	2
稡	2
稢	2
稦	2
稧	2
稨	2
稩	2
稪	2
稫	2
稬	2
稭	2
稯	2
稰	2
稲	2
稴	2
稵	2
稶	2
稸	2
稺	2
稾	2
穁	2
穂	2
穄	2
穅	2
穇	2
穈	2
穉	2
穊	2
穋	2
穏	2
穓	2
穔	2
穕	2
穖	2
穘	2
穙	2
穚	2
穛	2
穜	2
穟	2
穠	2
穤	2
穥	2
穦	2
穧	2
穨	2
穪	2
穬	2
穭	2
穮	2
穯	2
穱	2
穲	2
穳	2
穵	2
穻	2
穼	2
穽	2
穾	2
窀	2
窂	2
窃	2
窅	2
窆	2
窇	2
窉	2
窊	2
窋	2
窌	2
窏	2
窐	2
窑	2
窔	2
窙	2
窚	2
窛	2
窞	2
窡	2
窢	2
窤	2
窨	2
窫	2
窬	2
窱	2
窲	2
窴	2
窵	2
窷	2
窸	2
窹	2
窻	2
窼	2
窽	2
窾	2
竀	2
竁	2
竂	2
竆	2
竈	2
竉	2
竌	2
竎	2
竐	2
竑	2
竒	2
竘	2
竚	2
竛	2
竜	2
竢	2
竤	2
竧	2
竨	2
竩	2
竫	2
竬	2
竮	2
竱	2
竲	2
竳	2
竴	2
竵	2
竷	2
竸	2
竻	2
竼	2
竾	2
笀	2
笁	2
笄	2
笅	2
笉	2
笊	2
笋	2
笌	2
笍	2
笎	2
笏	2
笐	2
笒	2
笓	2
笔	2
笖	2
笗	2
笘	2
笚	2
笜	2
笝	2
笟	2
笡	2
笢	2
笣	2
笧	2
笩	2
笫	2
笭	2
笮	2
笯	2
笰	2
笱	2
笲	2
笴	2
笵	2
笶	2
笸	2
笻	2
笿	2
筀	2
筁	2
筂	2
筃	2
筄	2
筅	2
筇	2
筈	2
筊	2
筎	2
筓	2
筕	2
筗	2
筘	2
筞	2
筟	2
筡	2
筢	2
筣	2
筤	2
筥	2
筦	2
筨	2
筩	2
筪	2
筫	2
筬	2
筭	2
筯	2
筰	2
筳	2
筴	2
筶	2
筸	2
筹	2
箁	2
箂	2
箃	2
箄	2
箆	2
箈	2
箉	2
箊	2
箌	2
箎	2
箑	2
箒	2
箓	2
箖	2
箘	2
箙	2
箛	2
箞	2
箟	2
箠	2
箣	2
箤	2
箥	2
箮	2
箯	2
箰	2
箲	2
箳	2
箵	2
箶	2
箷	2
箹	2
箺	2
箻	2
箼	2
箽	2
箾	2
箿	2
篂	2
篃	2
篅	2
篈	2
篊	2
篍	2
篎	2
篔	2
篕	2
篖	2
篗	2
篘	2
篚	2
篛	2
篜	2
篞	2
篟	2
篠	2
篢	2
篣	2
篦	2
篧	2
篨	2
篫	2
篬	2
篭	2
篰	2
篱	2
篲	2
篴	2
篵	2
篶	2
篸	2
篹	2
篺	2
篻	2
篼	2
篽	2
篿	2
簀	2
簁	2
簂	2
簃	2
簄	2
簅	2
簆	2
簈	2
簉	2
簊	2
簋	2
簎	2
簏	2
簐	2
簑	2
簒	2
簕	2
簘	2
簙	2
簚	2
簛	2
簜	2
簝	2
簠	2
簢	2
簤	2
簥	2
簦	2
簨	2
簩	2
簬	2
簮	2
簰	2
簳	2
簴	2
簵	2
簶	2
簹	2
簺	2
簻	2
簼	2
籀	2
籄	2
籅	2
籆	2
籇	2
籈	2
籉	2
籊	2
籋	2
籐	2
籑	2
籒	2
籔	2
籕	2
籖	2
籗	2
籘	2
籚	2
籛	2
籜	2
籝	2
籞	2
籢	2
籣	2
籥	2
籦	2
籧	2
籪	2
籫	2
籭	2
籯	2
籰	2
籱	2
籴	2
籵	2
籶	2
籷	2
籸	2
籹	2
籺	2
类	2
籼	2
籿	2
粀	2
粁	2
粃	2
粄	2
粅	2
粆	2
粇	2
粈	2
粊	2
粋	2
粌	2
粍	2
粓	2
粔	2
粙	2
粚	2
粛	2
粜	2
粝	2
粞	2
粠	2
粡	2
粣	2
粤	2
粦	2
粨	2
粮	2
粰	2
粴	2
粶	2
粷	2
粸	2
粺	2
粻	2
糂	2
糃	2
糄	2
糆	2
糇	2
糈	2
糉	2
糋	2
糌	2
糍	2
糎	2
糏	2
糐	2
糑	2
糒	2
糓	2
糔	2
糚	2
糛	2
糡	2
糢	2
糣	2
糤	2
糥	2
糦	2
糩	2
糪	2
糫	2
糮	2
糱	2
糳	2
糴	2
糵	2
糷	2
糸	2
糺	2
糼	2
糽	2
糿	2
紁	2
紃	2
紆	2
紌	2
紎	2
紏	2
紑	2
紒	2
紖	2
紝	2
紞	2
紟	2
紣	2
紤	2
紨	2
紩	2
紪	2
紬	2
紭	2
紱	2
紲	2
紴	2
紶	2
紷	2
紸	2
紻	2
紼	2
紽	2
紾	2
紿	2
絁	2
絅	2
絇	2
絈	2
絉	2
絊	2
絍	2
絎	2
絏	2
絑	2
絒	2
絓	2
絔	2
絖	2
絗	2
絘	2
絙	2
絚	2
絛	2
絜	2
絟	2
絠	2
絣	2
絤	2
絥	2
絧	2
絩	2
絪	2
絫	2
絬	2
絭	2
絯	2
絰	2
絴	2
絵	2
絸	2
絻	2
絼	2
絽	2
絾	2
絿	2
綀	2
綂	2
綃	2
綄	2
綅	2
綆	2
綇	2
綈	2
綊	2
綋	2
綌	2
綍	2
綎	2
綐	2
綒	2
綔	2
綕	2
綖	2
綗	2
綘	2
継	2
綝	2
綞	2
綟	2
綡	2
綤	2
綥	2
綧	2
綨	2
綩	2
綪	2
綮	2
綯	2
綶	2
綷	2
綼	2
緀	2
緁	2
緂	2
緃	2
緄	2
緅	2
緆	2
緈	2
緉	2
緌	2
緍	2
緎	2
総	2
緖	2
緙	2
緛	2
緟	2
緡	2
緢	2
緤	2
緥	2
緦	2
緧	2
緪	2
緫	2
緭	2
緮	2
緰	2
緱	2
緳	2
緵	2
緶	2
緷	2
緸	2
緺	2
緼	2
緽	2
緾	2
緿	2
縀	2
縃	2
縄	2
縋	2
縌	2
縍	2
縎	2
縏	2
縑	2
縒	2
縓	2
縔	2
縕	2
縖	2
縗	2
縘	2
縙	2
縚	2
縜	2
縠	2
縡	2
縢	2
縤	2
縥	2
縦	2
縧	2
縩	2
縪	2
縬	2
縰	2
縳	2
縶	2
縸	2
縺	2
縻	2
縼	2
縿	2
繀	2
繂	2
繄	2
繅	2
繈	2
繉	2
繌	2
繎	2
繏	2
繐	2
繑	2
繓	2
繗	2
繘	2
繛	2
繜	2
繝	2
繟	2
繠	2
繢	2
繣	2
繥	2
繦	2
繨	2
繬	2
繮	2
繯	2
繰	2
繱	2
繲	2
繴	2
繵	2
繶	2
繷	2
繸	2
繺	2
繻	2
繿	2
纀	2
纁	2
纄	2
纅	2
纆	2
纇	2
纉	2
纊	2
纋	2
纍	2
纎	2
纑	2
纔	2
纕	2
纗	2
纘	2
纙	2
纚	2
纛	2
纝	2
纞	2
缷	2
缹	2
缻	2
缿	2
罁	2
罃	2
罆	2
罇	2
罊	2
罋	2
罍	2
罎	2
罏	2
网	2
罒	2
罘	2
罙	2
罛	2
罜	2
罝	2
罞	2
罠	2
罢	2
罤	2
罥	2
罦	2
罧	2
罫	2
罬	2
罭	2
罯	2
罱	2
罳	2
罶	2
罺	2
罻	2
罼	2
罾	2
罿	2
羀	2
羃	2
羄	2
羇	2
羉	2
羋	2
羍	2
羏	2
羐	2
羑	2
羒	2
羓	2
羕	2
羖	2
羗	2
羘	2
羙	2
羛	2
羜	2
羠	2
羡	2
羣	2
羦	2
羫	2
羬	2
羭	2
羮	2
羰	2
羱	2
羳	2
羴	2
羵	2
羷	2
羺	2
羻	2
羾	2
翀	2
翂	2
翃	2
翄	2
翆	2
翇	2
翈	2
翉	2
翋	2
翍	2
翏	2
翐	2
翑	2
翓	2
翖	2
翗	2
翛	2
翜	2
翝	2
翞	2
翢	2
翣	2
翤	2
翥	2
翧	2
翨	2
翪	2
翭	2
翮	2
翯	2
翲	2
翴	2
翵	2
翶	2
翷	2
翸	2
翺	2
翽	2
翾	2
翿	2
耇	2
耈	2
耉	2
耊	2
耎	2
耏	2
耓	2
耔	2
耖	2
耚	2
耛	2
耜	2
耝	2
耞	2
耟	2
耠	2
耡	2
耣	2
耤	2
耥	2
耩	2
耪	2
耫	2
耬	2
耭	2
耮	2
耯	2
耰	2
耱	2
耲	2
耴	2
耵	2
耸	2
耹	2
耺	2
耻	2
耼	2
耾	2
聀	2
聃	2
聄	2
聅	2
聇	2
聈	2
聉	2
聎	2
聏	2
聐	2
聑	2
聕	2
聗	2
聙	2
聜	2
聝	2
聟	2
聠	2
聡	2
聤	2
聥	2
聦	2
聧	2
聨	2
聪	2
聫	2
聬	2
聭	2
聮	2
聱	2
聴	2
聸	2
聹	2
聺	2
聻	2
聼	2
肁	2
肂	2
肈	2
肊	2
肍	2
肎	2
肐	2
肑	2
肒	2
肔	2
肕	2
肗	2
肙	2
肜	2
肞	2
肟	2
肣	2
肤	2
肦	2
肧	2
肨	2
肫	2
肬	2
肭	2
肮	2
肰	2
肳	2
肴	2
肵	2
肶	2
肷	2
肸	2
肹	2
胂	2
胅	2
胆	2
胇	2
胈	2
胉	2
胊	2
胋	2
胏	2
胐	2
胑	2
胒	2
胓	2
胕	2
胗	2
胘	2
胙	2
胜	2
胟	2
胠	2
胢	2
胣	2
胦	2
胮	2
胲	2
胵	2
胶	2
胷	2
胹	2
胻	2
胾	2
胿	2
脀	2
脁	2
脃	2
脄	2
脉	2
脔	2
脕	2
脗	2
脙	2
脚	2
脜	2
脝	2
脞	2
脟	2
脠	2
脡	2
脢	2
脣	2
脤	2
脥	2
脦	2
脧	2
脨	2
脪	2
脬	2
脭	2
脮	2
脰	2
脱	2
脴	2
脺	2
脻	2
脼	2
脽	2
脿	2
腀	2
腁	2
腂	2
腃	2
腄	2
腅	2
腇	2
腉	2
腊	2
腌	2
腍	2
腏	2
腒	2
腘	2
腛	2
腜	2
腝	2
腞	2
腟	2
腡	2
腢	2
腣	2
腤	2
腪	2
腬	2
腭	2
腯	2
腲	2
腴	2
腵	2
腶	2
腷	2
腽	2
膁	2
膃	2
膄	2
膅	2
膆	2
膇	2
膉	2
膋	2
膌	2
膍	2
膎	2
膐	2
膒	2
膓	2
膔	2
膖	2
膗	2
膙	2
膞	2
膟	2
膡	2
膢	2
膣	2
膧	2
膪	2
膫	2
膭	2
膮	2
膰	2
膲	2
膴	2
膵	2
膷	2
膸	2
膼	2
臁	2
臄	2
臅	2
臇	2
臈	2
臋	2
臌	2
臎	2
臐	2
臒	2
臔	2
臕	2
臖	2
臗	2
臙	2
臛	2
臝	2
臞	2
臡	2
臤	2
臦	2
臩	2
臫	2
臮	2
臯	2
臰	2
臱	2
臲	2
臵	2
臶	2
臷	2
臸	2
臹	2
臽	2
臿	2
舃	2
舋	2
舎	2
舏	2
舑	2
舓	2
舕	2
舙	2
舚	2
舝	2
舠	2
舡	2
舤	2
舥	2
舦	2
舧	2
舨	2
舩	2
舭	2
舯	2
舲	2
舴	2
舸	2
舺	2
舼	2
舽	2
舿	2
艀	2
艁	2
艂	2
艃	2
艄	2
艅	2
艆	2
艉	2
艊	2
艌	2
艎	2
艏	2
艐	2
艑	2
艒	2
艓	2
艕	2
艖	2
艗	2
艚	2
艛	2
艜	2
艞	2
艡	2
艢	2
艣	2
艤	2
艥	2
艧	2
艩	2
艪	2
艬	2
艭	2
艴	2
艵	2
艶	2
艹	2
艻	2
艼	2
芀	2
芁	2
芄	2
芅	2
芆	2
芇	2
芉	2
芌	2
芐	2
芑	2
芓	2
芔	2
芕	2
芖	2
芘	2
芚	2
芛	2
芜	2
芞	2
芠	2
芢	2
芣	2
芦	2
芧	2
芨	2
芲	2
芴	2
芵	2
芶	2
芺	2
芼	2
芿	2
苀	2
苁	2
苂	2
苃	2
苉	2
苊	2
苐	2
苖	2
苘	2
苙	2
苚	2
苝	2
苠	2
苢	2
苤	2
苧	2
苨	2
苩	2
苪	2
苬	2
苭	2
苮	2
苰	2
苲	2
苳	2
苴	2
苵	2
苶	2
苸	2
苹	2
苺	2
苼	2
茀	2
茆	2
茇	2
茈	2
茊	2
茋	2
茌	2
茎	2
茖	2
茙	2
茚	2
茛	2
茝	2
茞	2
茟	2
茠	2
茡	2
茢	2
茣	2
茤	2
茥	2
茦	2
茧	2
茩	2
茪	2
茮	2
茰	2
茳	2
茷	2
茺	2
茻	2
茽	2
茾	2
茿	2
荁	2
荂	2
荄	2
荅	2
荆	2
荇	2
荈	2
荋	2
荌	2
荍	2
荎	2
荐	2
荑	2
荓	2
荕	2
荗	2
荘	2
荣	2
荰	2
荱	2
荲	2
荴	2
荵	2
荶	2
荸	2
荹	2
荺	2
荾	2
荿	2
莀	2
莁	2
莂	2
莃	2
莄	2
莅	2
莇	2
莈	2
莋	2
莌	2
莍	2
莏	2
莐	2
莑	2
莔	2
莕	2
莗	2
莙	2
莚	2
莛	2
莜	2
莝	2
莟	2
莡	2
莣	2
莤	2
莥	2
莦	2
莩	2
莬	2
莭	2
莮	2
莯	2
莰	2
获	2
莾	2
莿	2
菂	2
菃	2
菄	2
菆	2
菉	2
菋	2
菍	2
菎	2
菐	2
菑	2
菒	2
菔	2
菕	2
菗	2
菘	2
菙	2
菚	2
菛	2
菝	2
菞	2
菟	2
菢	2
菣	2
菤	2
菥	2
菦	2
菧	2
菨	2
菫	2
菬	2
菭	2
菮	2
菰	2
菳	2
菵	2
菶	2
菹	2
菺	2
菻	2
菼	2
菾	2
菿	2
萀	2
萂	2
萅	2
萆	2
萈	2
萉	2
萋	2
萏	2
萐	2
萒	2
萓	2
萔	2
萕	2
萖	2
萗	2
萘	2
萛	2
萟	2
萣	2
萩	2
萪	2
萫	2
萭	2
萮	2
萯	2
萰	2
萲	2
萳	2
萴	2
萶	2
萷	2
萹	2
萺	2
萻	2
萼	2
萾	2
萿	2
葀	2
葁	2
葂	2
葃	2
葄	2
葅	2
葇	2
葈	2
葊	2
葋	2
葌	2
葍	2
葏	2
葐	2
葒	2
葓	2
葔	2
葕	2
葖	2
葘	2
葙	2
葚	2
葜	2
葝	2
葞	2
葟	2
葠	2
葤	2
葥	2
葧	2
葨	2
葪	2
葮	2
葰	2
葱	2
葲	2
葴	2
葻	2
葼	2
葽	2
葾	2
葿	2
蒀	2
蒁	2
蒃	2
蒄	2
蒆	2
蒈	2
蒍	2
蒎	2
蒏	2
蒑	2
蒒	2
蒓	2
蒔	2
蒕	2
蒖	2
蒗	2
蒘	2
蒚	2
蒛	2
蒝	2
蒠	2
蒢	2
蒣	2
蒤	2
蒥	2
蒦	2
蒧	2
蒨	2
蒩	2
蒪	2
蒫	2
蒬	2
蒭	2
蒮	2
蒰	2
蒱	2
蒳	2
蒵	2
蒶	2
蒷	2
蒽	2
蒾	2
蓂	2
蓃	2
蓅	2
蓇	2
蓈	2
蓊	2
蓌	2
蓎	2
蓏	2
蓐	2
蓒	2
蓔	2
蓕	2
蓗	2
蓘	2
蓚	2
蓛	2
蓤	2
蓨	2
蓩	2
蓪	2
蓫	2
蓭	2
蓰	2
蓱	2
蓲	2
蓳	2
蓴	2
蓵	2
蓶	2
蓷	2
蓸	2
蓹	2
蓺	2
蓻	2
蓾	2
蔀	2
蔁	2
蔂	2
蔃	2
蔄	2
蔅	2
蔆	2
蔇	2
蔈	2
蔉	2
蔊	2
蔋	2
蔌	2
蔍	2
蔎	2
蔏	2
蔐	2
蔒	2
蔕	2
蔖	2
蔘	2
蔙	2
蔛	2
蔜	2
蔝	2
蔠	2
蔢	2
蔤	2
蔦	2
蔧	2
蔨	2
蔩	2
蔪	2
蔮	2
蔯	2
蔰	2
蔱	2
蔲	2
蔳	2
蔴	2
蔵	2
蔸	2
蔾	2
蔿	2
蕀	2
蕂	2
蕄	2
蕇	2
蕋	2
蕌	2
蕍	2
蕏	2
蕐	2
蕑	2
蕒	2
蕔	2
蕕	2
蕖	2
蕗	2
蕘	2
蕚	2
蕛	2
蕜	2
蕝	2
蕟	2
蕠	2
蕡	2
蕢	2
蕣	2
蕤	2
蕥	2
蕦	2
蕧	2
蕫	2
蕬	2
蕮	2
蕯	2
蕰	2
蕱	2
蕵	2
蕶	2
蕷	2
蕸	2
蕹	2
蕺	2
蕻	2
蕼	2
蕽	2
蕿	2
薀	2
薁	2
薂	2
薃	2
薆	2
薉	2
薋	2
薍	2
薎	2
薐	2
薒	2
薓	2
薕	2
薖	2
薗	2
薘	2
薙	2
薚	2
薝	2
薞	2
薟	2
薠	2
薡	2
薢	2
薣	2
薤	2
薥	2
薧	2
薬	2
薱	2
薲	2
薳	2
薵	2
薶	2
薸	2
薻	2
薼	2
薽	2
薾	2
薿	2
藀	2
藂	2
藃	2
藄	2
藅	2
藆	2
藇	2
藈	2
藊	2
藋	2
藌	2
藎	2
藑	2
藒	2
藖	2
藗	2
藘	2
藙	2
藚	2
藛	2
藞	2
藟	2
藠	2
藡	2
藢	2
藣	2
藦	2
藧	2
藨	2
藫	2
藬	2
藭	2
藮	2
藯	2
藰	2
藱	2
藲	2
藳	2
藴	2
藷	2
藸	2
藼	2
藽	2
藾	2
蘀	2
蘁	2
蘂	2
蘃	2
蘈	2
蘉	2
蘌	2
蘍	2
蘎	2
蘏	2
蘐	2
蘓	2
蘕	2
蘖	2
蘘	2
蘙	2
蘛	2
蘜	2
蘝	2
蘞	2
蘟	2
蘠	2
蘡	2
蘣	2
蘤	2
蘥	2
蘦	2
蘨	2
蘩	2
蘪	2
蘫	2
蘬	2
蘮	2
蘯	2
蘱	2
蘲	2
蘳	2
蘴	2
蘵	2
蘶	2
蘹	2
蘺	2
蘻	2
蘼	2
蘽	2
蘾	2
虀	2
虁	2
虂	2
虃	2
虆	2
虇	2
虈	2
虉	2
虋	2
虌	2
虍	2
虑	2
虒	2
虖	2
虘	2
虙	2
虚	2
虝	2
虠	2
虡	2
虣	2
虤	2
虥	2
虦	2
虨	2
虩	2
虪	2
虫	2
虬	2
虭	2
虮	2
虰	2
虱	2
虳	2
虴	2
虵	2
虶	2
虷	2
虸	2
虽	2
蚄	2
蚅	2
蚆	2
蚇	2
蚈	2
蚉	2
蚋	2
蚎	2
蚏	2
蚐	2
蚑	2
蚒	2
蚔	2
蚕	2
蚗	2
蚘	2
蚙	2
蚚	2
蚛	2
蚝	2
蚞	2
蚟	2
蚠	2
蚡	2
蚢	2
蚥	2
蚦	2
蚧	2
蚨	2
蚭	2
蚮	2
蚲	2
蚳	2
蚴	2
蚶	2
蚷	2
蚸	2
蚹	2
蚻	2
蚼	2
蚽	2
蚾	2
蚿	2
蛁	2
蛂	2
蛃	2
蛄	2
蛅	2
蛈	2
蛊	2
蛌	2
蛑	2
蛒	2
蛓	2
蛕	2
蛖	2
蛗	2
蛘	2
蛚	2
蛜	2
蛝	2
蛞	2
蛠	2
蛡	2
蛢	2
蛣	2
蛥	2
蛦	2
蛧	2
蛨	2
蛩	2
蛪	2
蛫	2
蛬	2
蛮	2
蛯	2
蛵	2
蛶	2
蛷	2
蛸	2
蛼	2
蛽	2
蛿	2
蜁	2
蜄	2
蜅	2
蜋	2
蜌	2
蜏	2
蜐	2
蜑	2
蜔	2
蜕	2
蜖	2
蜙	2
蜛	2
蜝	2
蜞	2
蜟	2
蜠	2
蜡	2
蜣	2
蜤	2
蜦	2
蜧	2
蜨	2
蜩	2
蜪	2
蜫	2
蜬	2
蜭	2
蜮	2
蜯	2
蜰	2
蜲	2
蜳	2
蜵	2
蜶	2
蜸	2
蜹	2
蜺	2
蜼	2
蜽	2
蜾	2
蝀	2
蝁	2
蝂	2
蝃	2
蝅	2
蝆	2
蝇	2
蝍	2
蝎	2
蝏	2
蝐	2
蝑	2
蝒	2
蝓	2
蝔	2
蝖	2
蝘	2
蝚	2
蝛	2
蝜	2
蝝	2
蝞	2
蝡	2
蝢	2
蝣	2
蝤	2
蝧	2
蝩	2
蝪	2
蝫	2
蝬	2
蝭	2
蝮	2
蝯	2
蝰	2
蝱	2
蝲	2
蝳	2
蝵	2
蝷	2
蝹	2
蝺	2
蝻	2
蝼	2
蝽	2
螁	2
螅	2
螆	2
螇	2
螈	2
螉	2
螊	2
螋	2
螌	2
螎	2
螏	2
螐	2
螑	2
螒	2
螔	2
螕	2
螖	2
螗	2
螘	2
螙	2
螚	2
螛	2
螜	2
螝	2
螠	2
螡	2
螣	2
螤	2
螪	2
螬	2
螮	2
螰	2
螱	2
螲	2
螳	2
螴	2
螵	2
螶	2
螷	2
螸	2
螹	2
螼	2
螽	2
螾	2
螿	2
蟁	2
蟂	2
蟃	2
蟅	2
蟇	2
蟈	2
蟉	2
蟊	2
蟌	2
蟍	2
蟓	2
蟔	2
蟕	2
蟖	2
蟗	2
蟘	2
蟙	2
蟚	2
蟛	2
蟜	2
蟝	2
蟞	2
蟟	2
蟡	2
蟢	2
蟤	2
蟥	2
蟦	2
蟧	2
蟨	2
蟩	2
蟪	2
蟫	2
蟭	2
蟯	2
蟰	2
蟱	2
蟳	2
蟴	2
蟶	2
蟷	2
蟸	2
蟺	2
蟼	2
蟽	2
蟿	2
蠀	2
蠁	2
蠂	2
蠃	2
蠄	2
蠇	2
蠈	2
蠉	2
蠊	2
蠋	2
蠌	2
蠎	2
蠏	2
蠐	2
蠑	2
蠒	2
蠓	2
蠖	2
蠗	2
蠘	2
蠙	2
蠚	2
蠛	2
蠜	2
蠝	2
蠞	2
蠠	2
蠤	2
蠥	2
蠦	2
蠧	2
蠨	2
蠩	2
蠪	2
蠫	2
蠬	2
蠭	2
蠮	2
蠯	2
蠰	2
蠳	2
蠵	2
蠷	2
蠸	2
蠺	2
蠼	2
蠽	2
蠾	2
蠿	2
衁	2
衂	2
衃	2
衅	2
衆	2
衇	2
衈	2
衉	2
衋	2
衎	2
衏	2
衑	2
衒	2
衖	2
衘	2
衜	2
衟	2
衠	2
衦	2
衧	2
衪	2
衭	2
衮	2
衯	2
衱	2
衳	2
衴	2
衵	2
衶	2
衸	2
衺	2
衻	2
衼	2
衽	2
袀	2
袃	2
袄	2
袉	2
袎	2
袏	2
袐	2
袑	2
袓	2
袔	2
袕	2
袗	2
袘	2
袙	2
袚	2
袛	2
袜	2
袝	2
袟	2
袠	2
袡	2
袢	2
袣	2
袥	2
袦	2
袧	2
袩	2
袬	2
袲	2
袳	2
袴	2
袵	2
袶	2
袸	2
袹	2
袺	2
袻	2
袼	2
袽	2
袾	2
袿	2
裀	2
裉	2
裋	2
裌	2
裍	2
裎	2
裏	2
裐	2
裑	2
裒	2
裓	2
裖	2
裗	2
裚	2
裛	2
裞	2
裠	2
裦	2
裧	2
裪	2
裫	2
裬	2
裭	2
裮	2
裯	2
裰	2
裲	2
裵	2
裶	2
裷	2
裺	2
裻	2
裼	2
裿	2
褀	2
褁	2
褃	2
褅	2
褆	2
褈	2
褉	2
褊	2
褋	2
褌	2
褍	2
褎	2
褏	2
褑	2
褕	2
褖	2
褗	2
褙	2
褛	2
褞	2
褟	2
褠	2
褡	2
褢	2
褣	2
褤	2
褦	2
褧	2
褨	2
褩	2
褬	2
褭	2
褮	2
褯	2
褱	2
褳	2
褵	2
褷	2
褹	2
褺	2
褼	2
褽	2
褾	2
褿	2
襀	2
襁	2
襂	2
襃	2
襆	2
襈	2
襉	2
襊	2
襋	2
襌	2
襎	2
襏	2
襐	2
襑	2
襒	2
襓	2
襗	2
襘	2
襙	2
襚	2
襛	2
襜	2
襝	2
襞	2
襡	2
襢	2
襣	2
襥	2
襧	2
襩	2
襫	2
襭	2
襮	2
襰	2
襱	2
襳	2
襴	2
襵	2
襶	2
襸	2
襹	2
襺	2
襼	2
襽	2
襾	2
覂	2
覅	2
覇	2
覈	2
覉	2
覊	2
覌	2
覍	2
覎	2
覐	2
覑	2
覒	2
覕	2
覗	2
覙	2
覚	2
覛	2
覜	2
覝	2
覞	2
覟	2
覠	2
覡	2
覢	2
覣	2
覤	2
覥	2
覧	2
覨	2
覫	2
覭	2
覮	2
覯	2
覱	2
観	2
覴	2
覵	2
覶	2
覹	2
覻	2
覼	2
覾	2
觓	2
觔	2
觕	2
觖	2
觗	2
觘	2
觙	2
觛	2
觜	2
觟	2
觠	2
觡	2
觢	2
觤	2
触	2
觧	2
觨	2
觩	2
觪	2
觬	2
觭	2
觮	2
觰	2
觱	2
觲	2
觵	2
觶	2
觷	2
觹	2
觺	2
觻	2
觼	2
觽	2
觾	2
觿	2
訃	2
訄	2
訅	2
訆	2
訇	2
訉	2
訋	2
訍	2
訑	2
訒	2
訔	2
訙	2
訜	2
訞	2
訠	2
訡	2
訤	2
訦	2
訧	2
訨	2
訩	2
訫	2
訬	2
訮	2
訯	2
訰	2
訲	2
訵	2
訷	2
訸	2
訹	2
訽	2
訿	2
詀	2
詂	2
詃	2
詄	2
詅	2
詇	2
詉	2
詊	2
詋	2
詌	2
詍	2
詏	2
詑	2
詓	2
詖	2
詗	2
詙	2
詚	2
詜	2
詝	2
詤	2
詥	2
詧	2
詨	2
詪	2
詯	2
詴	2
詵	2
詶	2
詷	2
詸	2
詺	2
詻	2
詽	2
詾	2
誀	2
誁	2
誂	2
誃	2
誈	2
誋	2
誎	2
誏	2
誔	2
誖	2
誗	2
誙	2
誛	2
誜	2
誝	2
誟	2
誢	2
誧	2
誩	2
誫	2
誯	2
誱	2
誳	2
誴	2
誷	2
誸	2
誺	2
誻	2
誽	2
諀	2
諁	2
諃	2
諅	2
諆	2
諈	2
諊	2
諌	2
諎	2
諐	2
諓	2
諔	2
諕	2
諘	2
諙	2
諟	2
諣	2
諥	2
諨	2
諩	2
諪	2
諬	2
諯	2
諰	2
諲	2
諴	2
諵	2
諹	2
諻	2
諽	2
諿	2
謆	2
謈	2
謉	2
謋	2
謌	2
謍	2
謏	2
謑	2
謒	2
謓	2
謕	2
謘	2
謜	2
謞	2
謟	2
謢	2
謣	2
謤	2
謥	2
謦	2
謧	2
謪	2
謭	2
謮	2
謯	2
謰	2
謱	2
謲	2
謴	2
謵	2
謶	2
謷	2
謸	2
謺	2
謻	2
謼	2
謽	2
謿	2
譀	2
譂	2
譄	2
譅	2
譆	2
譇	2
譈	2
譊	2
譋	2
譍	2
譐	2
譑	2
譒	2
譓	2
譔	2
譕	2
譗	2
譝	2
譞	2
譠	2
譡	2
譢	2
譣	2
譤	2
譥	2
譧	2
譨	2
譩	2
譪	2
譮	2
譱	2
譳	2
譵	2
譶	2
譸	2
譹	2
譺	2
譻	2
譼	2
譾	2
譿	2
讁	2
讂	2
讄	2
讆	2
讇	2
讈	2
讉	2
讌	2
讍	2
讐	2
讑	2
讔	2
讕	2
讗	2
讘	2
讛	2
讜	2
讝	2
讟	2
谸	2
谹	2
谺	2
谻	2
谼	2
谽	2
谾	2
豀	2
豂	2
豃	2
豄	2
豅	2
豇	2
豋	2
豍	2
豏	2
豑	2
豓	2
豖	2
豗	2
豘	2
豙	2
豛	2
豜	2
豝	2
豞	2
豟	2
豠	2
豣	2
豤	2
豥	2
豦	2
豧	2
豨	2
豩	2
豭	2
豯	2
豰	2
豱	2
豲	2
豳	2
豴	2
豵	2
豶	2
豷	2
豻	2
豼	2
豽	2
豾	2
豿	2
貀	2
貁	2
貃	2
貄	2
貆	2
貇	2
貈	2
貊	2
貋	2
貏	2
貐	2
貑	2
貒	2
貕	2
貖	2
貗	2
貘	2
貙	2
貚	2
貛	2
貟	2
貣	2
貤	2
貥	2
貦	2
貭	2
貮	2
貰	2
貱	2
貵	2
貹	2
貾	2
賆	2
賉	2
賋	2
賌	2
賍	2
賏	2
賐	2
賔	2
賕	2
賖	2
賗	2
賙	2
賝	2
賟	2
賥	2
賧	2
賨	2
賩	2
賫	2
賮	2
賯	2
賰	2
賱	2
賲	2
賳	2
賵	2
賶	2
賷	2
賹	2
賻	2
賿	2
贀	2
贁	2
贂	2
贃	2
贆	2
贇	2
贉	2
贋	2
贎	2
贐	2
贑	2
贒	2
贕	2
贙	2
贚	2
贜	2
赥	2
赨	2
赩	2
赬	2
赮	2
赯	2
赱	2
赲	2
赶	2
赸	2
赹	2
赺	2
赻	2
赼	2
赽	2
赾	2
赿	2
趀	2
趂	2
趃	2
趆	2
趇	2
趈	2
趉	2
趋	2
趌	2
趍	2
趎	2
趏	2
趐	2
趒	2
趓	2
趖	2
趗	2
趘	2
趚	2
趛	2
趜	2
趝	2
趞	2
趠	2
趡	2
趢	2
趤	2
趥	2
趦	2
趧	2
趩	2
趪	2
趫	2
趬	2
趭	2
趮	2
趯	2
趵	2
趶	2
趷	2
趹	2
趻	2
趼	2
趽	2
跀	2
跁	2
跂	2
跃	2
跅	2
跇	2
跈	2
跉	2
跊	2
跍	2
跐	2
跒	2
跔	2
跕	2
跖	2
跘	2
跙	2
跜	2
跠	2
跢	2
跣	2
跦	2
跧	2
跩	2
跬	2
跭	2
跮	2
跰	2
跱	2
跲	2
跴	2
跼	2
跽	2
跾	2
跿	2
踀	2
踁	2
踂	2
踃	2
踄	2
踆	2
踇	2
踈	2
踊	2
踋	2
踍	2
踑	2
踒	2
踓	2
踕	2
踖	2
踗	2
踘	2
踙	2
踚	2
踛	2
踜	2
踠	2
踡	2
踣	2
踤	2
踥	2
踦	2
踧	2
踨	2
踪	2
踱	2
踲	2
踳	2
踶	2
踷	2
踸	2
踺	2
踻	2
踼	2
踽	2
踾	2
踿	2
蹀	2
蹁	2
蹃	2
蹅	2
蹆	2
蹍	2
蹎	2
蹏	2
蹐	2
蹑	2
蹓	2
蹔	2
蹕	2
蹖	2
蹗	2
蹘	2
蹚	2
蹛	2
蹜	2
蹝	2
蹞	2
蹡	2
蹢	2
蹥	2
蹨	2
蹪	2
蹫	2
蹮	2
蹯	2
蹰	2
蹱	2
蹳	2
蹵	2
蹷	2
蹸	2
蹹	2
蹻	2
蹼	2
躆	2
躈	2
躌	2
躎	2
躔	2
躖	2
躗	2
躘	2
躙	2
躝	2
躞	2
躟	2
躠	2
躢	2
躣	2
躤	2
躦	2
躧	2
躨	2
躩	2
躭	2
躯	2
躱	2
躳	2
躴	2
躶	2
躷	2
躸	2
躹	2
躽	2
躿	2
軁	2
軂	2
軃	2
軄	2
軆	2
軇	2
軉	2
軎	2
軏	2
軐	2
軑	2
軓	2
軖	2
軗	2
軘	2
軙	2
軚	2
軜	2
軝	2
軞	2
軠	2
軡	2
軤	2
軥	2
軦	2
軧	2
軨	2
軩	2
軪	2
軬	2
軭	2
軮	2
軯	2
軰	2
軱	2
軳	2
軴	2
軵	2
軶	2
軷	2
軹	2
軺	2
軽	2
軿	2
輀	2
輁	2
輂	2
輄	2
輆	2
輇	2
輈	2
輊	2
輋	2
輍	2
輎	2
輏	2
輐	2
輑	2
輖	2
輗	2
輘	2
輙	2
輚	2
輞	2
輠	2
輡	2
輢	2
輣	2
輤	2
輧	2
輨	2
輫	2
輬	2
輭	2
輮	2
輰	2
輱	2
輲	2
輳	2
輴	2
輵	2
輶	2
輷	2
輹	2
輺	2
輼	2
輽	2
轀	2
轁	2
轃	2
轇	2
轈	2
轊	2
轋	2
轏	2
轐	2
轑	2
轒	2
轓	2
轔	2
轕	2
轖	2
轗	2
轘	2
轙	2
轚	2
轛	2
轜	2
轞	2
轠	2
轢	2
轣	2
轤	2
轥	2
辝	2
辞	2
辠	2
辡	2
辢	2
辥	2
辬	2
辴	2
辵	2
辶	2
辸	2
边	2
达	2
辿	2
迀	2
迁	2
迃	2
迆	2
过	2
迉	2
迊	2
迋	2
迌	2
迍	2
迏	2
运	2
迒	2
迖	2
迗	2
还	2
这	2
迠	2
迡	2
迣	2
迧	2
迩	2
迬	2
迮	2
迯	2
迱	2
迵	2
迶	2
迹	2
迻	2
迼	2
迾	2
迿	2
适	2
逇	2
选	2
逌	2
逎	2
逑	2
递	2
逓	2
逖	2
逘	2
逜	2
逤	2
逥	2
逨	2
逩	2
逪	2
逫	2
逬	2
逰	2
逳	2
逴	2
逷	2
逺	2
逻	2
逽	2
逿	2
遀	2
遃	2
遄	2
遅	2
遆	2
遈	2
遉	2
遌	2
遚	2
遟	2
遡	2
遦	2
遧	2
遪	2
遫	2
遬	2
遯	2
遰	2
遱	2
遳	2
遹	2
遻	2
遾	2
邅	2
邆	2
邉	2
邌	2
邍	2
邎	2
邒	2
邓	2
邔	2
邖	2
邗	2
邘	2
邙	2
邚	2
邞	2
邟	2
邠	2
邡	2
邤	2
邥	2
邧	2
邩	2
邫	2
邭	2
邮	2
邰	2
邲	2
邴	2
邶	2
邷	2
邹	2
邼	2
邽	2
邿	2
郀	2
郂	2
郆	2
郇	2
郈	2
郉	2
郋	2
郌	2
郍	2
郔	2
郕	2
郖	2
郘	2
郙	2
郚	2
郛	2
郞	2
郟	2
郠	2
郣	2
郤	2
郥	2
郩	2
郪	2
郬	2
郮	2
郯	2
郰	2
郱	2
郲	2
郳	2
郶	2
郹	2
郺	2
郻	2
郼	2
郾	2
郿	2
鄀	2
鄁	2
鄃	2
鄄	2
鄅	2
鄇	2
鄈	2
鄊	2
鄋	2
鄌	2
鄍	2
鄎	2
鄏	2
鄐	2
鄑	2
鄓	2
鄗	2
鄘	2
鄚	2
鄛	2
鄜	2
鄝	2
鄟	2
鄠	2
鄡	2
鄤	2
鄥	2
鄦	2
鄨	2
鄩	2
鄪	2
鄫	2
鄬	2
鄮	2
鄳	2
鄵	2
鄶	2
鄷	2
鄸	2
鄹	2
鄻	2
鄼	2
鄽	2
鄾	2
鄿	2
酀	2
酁	2
酃	2
酄	2
酅	2
酇	2
酎	2
酏	2
酑	2
酓	2
酔	2
酕	2
酖	2
酘	2
酙	2
酞	2
酟	2
酠	2
酡	2
酨	2
酩	2
酫	2
酭	2
酰	2
酲	2
酳	2
酴	2
酹	2
酻	2
酼	2
醀	2
醁	2
醂	2
醄	2
醅	2
醆	2
醈	2
醊	2
醌	2
醏	2
醑	2
醓	2
醔	2
醕	2
醖	2
醘	2
醙	2
醝	2
醟	2
醠	2
醡	2
醢	2
醥	2
醦	2
醧	2
醨	2
醩	2
醭	2
醮	2
醰	2
醱	2
醲	2
醳	2
醵	2
醶	2
醷	2
醹	2
醻	2
醼	2
醽	2
醾	2
醿	2
釂	2
釃	2
釄	2
釆	2
釓	2
釔	2
釕	2
釖	2
釙	2
釚	2
釛	2
釞	2
釟	2
釠	2
釢	2
釤	2
釥	2
釨	2
釪	2
釫	2
釭	2
釮	2
釯	2
釰	2
釱	2
釲	2
釳	2
釴	2
釶	2
釸	2
釽	2
釾	2
釿	2
鈀	2
鈁	2
鈂	2
鈃	2
鈄	2
鈆	2
鈇	2
鈈	2
鈊	2
鈋	2
鈌	2
鈏	2
鈐	2
鈒	2
鈓	2
鈖	2
鈗	2
鈘	2
鈙	2
鈚	2
鈛	2
鈜	2
鈝	2
鈟	2
鈠	2
鈢	2
鈤	2
鈥	2
鈧	2
鈭	2
鈯	2
鈰	2
鈱	2
鈲	2
鈳	2
鈵	2
鈶	2
鈸	2
鈻	2
鈼	2
鈽	2
鉁	2
鉃	2
鉇	2
鉈	2
鉊	2
鉋	2
鉌	2
鉍	2
鉎	2
鉏	2
鉐	2
鉒	2
鉓	2
鉔	2
鉕	2
鉖	2
鉘	2
鉙	2
鉜	2
鉝	2
鉟	2
鉠	2
鉡	2
鉢	2
鉣	2
鉥	2
鉧	2
鉨	2
鉩	2
鉪	2
鉫	2
鉮	2
鉯	2
鉰	2
鉲	2
鉵	2
鉶	2
鉹	2
鉺	2
鉼	2
鉽	2
鉿	2
銁	2
銂	2
銄	2
銆	2
銇	2
銈	2
銉	2
銊	2
銋	2
銌	2
銍	2
銎	2
銏	2
銐	2
銒	2
銔	2
銕	2
銗	2
銙	2
銛	2
銝	2
銞	2
銟	2
銠	2
銡	2
銢	2
銣	2
銤	2
銦	2
銧	2
銩	2
銫	2
銭	2
銮	2
銱	2
銲	2
銴	2
銵	2
銶	2
銸	2
銺	2
銻	2
銽	2
銾	2
銿	2
鋀	2
鋂	2
鋃	2
鋄	2
鋆	2
鋉	2
鋊	2
鋋	2
鋍	2
鋎	2
鋏	2
鋐	2
鋑	2
鋓	2
鋔	2
鋕	2
鋖	2
鋗	2
鋘	2
鋙	2
鋚	2
鋛	2
鋜	2
鋝	2
鋞	2
鋠	2
鋡	2
鋢	2
鋣	2
鋦	2
鋧	2
鋨	2
鋩	2
鋫	2
鋬	2
鋮	2
鋱	2
鋳	2
鋶	2
鋷	2
鋹	2
鋺	2
鋽	2
鋾	2
鋿	2
錀	2
錁	2
錂	2
錃	2
錅	2
錆	2
錇	2
錈	2
錉	2
錊	2
錋	2
錌	2
錎	2
錏	2
錑	2
錒	2
錓	2
錔	2
錖	2
錗	2
錛	2
錜	2
錝	2
錞	2
錟	2
錡	2
錣	2
錤	2
錥	2
錧	2
錩	2
錪	2
錭	2
錰	2
錱	2
錴	2
錵	2
錷	2
錸	2
錹	2
錼	2
錽	2
鍃	2
鍅	2
鍆	2
鍈	2
鍉	2
鍌	2
鍎	2
鍏	2
鍐	2
鍑	2
鍒	2
鍓	2
鍔	2
鍕	2
鍖	2
鍗	2
鍘	2
鍙	2
鍚	2
鍜	2
鍝	2
鍞	2
鍟	2
鍠	2
鍡	2
鍢	2
鍣	2
鍤	2
鍦	2
鍧	2
鍨	2
鍩	2
鍪	2
鍫	2
鍬	2
鍭	2
鍮	2
鍯	2
鍱	2
鍲	2
鍳	2
鍴	2
鍷	2
鍸	2
鍹	2
鍺	2
鍻	2
鍼	2
鍽	2
鍿	2
鎀	2
鎁	2
鎃	2
鎄	2
鎈	2
鎉	2
鎍	2
鎎	2
鎐	2
鎑	2
鎒	2
鎓	2
鎕	2
鎗	2
鎙	2
鎛	2
鎜	2
鎝	2
鎞	2
鎟	2
鎠	2
鎡	2
鎣	2
鎤	2
鎥	2
鎨	2
鎪	2
鎫	2
鎯	2
鎱	2
鎲	2
鎴	2
鎶	2
鎷	2
鎸	2
鎻	2
鏀	2
鏁	2
鏂	2
鏃	2
鏄	2
鏅	2
鏆	2
鏉	2
鏊	2
鏋	2
鏍	2
鏎	2
鏏	2
鏐	2
鏑	2
鏒	2
鏓	2
鏔	2
鏕	2
鏙	2
鏚	2
鏛	2
鏝	2
鏞	2
鏠	2
鏣	2
鏥	2
鏦	2
鏧	2
鏨	2
鏩	2
鏪	2
鏫	2
鏬	2
鏭	2
鏮	2
鏳	2
鏴	2
鏵	2
鏶	2
鏷	2
鏸	2
鏹	2
鏺	2
鏻	2
鏼	2
鏾	2
鏿	2
鐀	2
鐁	2
鐂	2
鐃	2
鐄	2
鐅	2
鐆	2
鐇	2
鐈	2
鐉	2
鐊	2
鐋	2
鐌	2
鐍	2
鐎	2
鐏	2
鐑	2
鐒	2
鐔	2
鐕	2
鐖	2
鐙	2
鐚	2
鐛	2
鐜	2
鐝	2
鐞	2
鐟	2
鐠	2
鐨	2
鐩	2
鐪	2
鐬	2
鐭	2
鐯	2
鐰	2
鐱	2
鐴	2
鐶	2
鐷	2
鐹	2
鐻	2
鐼	2
鐽	2
鐾	2
鐿	2
鑀	2
鑂	2
鑃	2
鑅	2
鑆	2
鑇	2
鑈	2
鑉	2
鑋	2
鑍	2
鑎	2
鑏	2
鑐	2
鑔	2
鑕	2
鑖	2
鑗	2
鑘	2
鑙	2
鑜	2
鑝	2
鑞	2
鑟	2
鑡	2
鑢	2
鑤	2
鑥	2
鑨	2
鑩	2
鑬	2
鑮	2
鑯	2
鑱	2
鑳	2
鑴	2
鑵	2
鑶	2
鑸	2
鑹	2
鑺	2
鑻	2
钀	2
钂	2
钃	2
钄	2
镸	2
镹	2
镺	2
镻	2
镼	2
镽	2
镾	2
閁	2
閄	2
閅	2
閇	2
閈	2
閌	2
閍	2
閐	2
閕	2
閚	2
閛	2
閝	2
閞	2
閟	2
閧	2
閫	2
閬	2
閯	2
閰	2
閳	2
閴	2
閵	2
閶	2
閷	2
閸	2
閺	2
闀	2
闁	2
闂	2
闄	2
闅	2
闉	2
闑	2
闒	2
闓	2
闗	2
闘	2
闙	2
闚	2
闛	2
闝	2
闟	2
闠	2
闣	2
闤	2
阝	2
阞	2
阠	2
阢	2
阣	2
阤	2
阥	2
阦	2
阧	2
阨	2
阩	2
阫	2
阬	2
阭	2
阯	2
阰	2
阳	2
阴	2
阷	2
阸	2
阹	2
阺	2
阼	2
阽	2
阾	2
陁	2
陃	2
陊	2
陎	2
陏	2
陑	2
陒	2
陓	2
陔	2
陕	2
陖	2
陗	2
陚	2
陠	2
陫	2
陭	2
陮	2
陯	2
陱	2
陴	2
陹	2
陻	2
陼	2
陾	2
陿	2
隀	2
隁	2
隃	2
隄	2
隇	2
隈	2
隉	2
隌	2
随	2
隑	2
隒	2
隓	2
隖	2
隚	2
隝	2
隞	2
隟	2
隡	2
隢	2
隤	2
隥	2
隦	2
隩	2
隫	2
隬	2
隭	2
隮	2
隯	2
隰	2
隲	2
隳	2
隵	2
隶	2
隺	2
隽	2
隿	2
雂	2
雃	2
雇	2
雈	2
雊	2
雏	2
雐	2
雑	2
雓	2
雔	2
雗	2
雘	2
雚	2
雟	2
雡	2
雤	2
雥	2
雦	2
雧	2
雩	2
雫	2
雬	2
雭	2
雮	2
雰	2
雱	2
雴	2
雵	2
雸	2
雺	2
雼	2
雽	2
雿	2
霂	2
霃	2
霅	2
霉	2
霊	2
霋	2
霌	2
霐	2
霒	2
霔	2
霕	2
霗	2
霘	2
霙	2
霚	2
霝	2
霟	2
霠	2
霡	2
霢	2
霣	2
霥	2
霦	2
霨	2
霩	2
霪	2
霫	2
霬	2
霮	2
霯	2
霰	2
霱	2
霳	2
霴	2
霵	2
霶	2
霷	2
霺	2
霼	2
霿	2
靀	2
靁	2
靃	2
靅	2
靆	2
靇	2
靉	2
靊	2
靋	2
靐	2
靕	2
靗	2
靘	2
静	2
靝	2
靟	2
靣	2
靤	2
靧	2
靪	2
靫	2
靬	2
靭	2
靮	2
靯	2
靰	2
靲	2
靵	2
靷	2
靸	2
靹	2
靺	2
靻	2
靽	2
靾	2
靿	2
鞀	2
鞁	2
鞂	2
鞃	2
鞄	2
鞇	2
鞈	2
鞉	2
鞊	2
鞌	2
鞎	2
鞔	2
鞕	2
鞖	2
鞗	2
鞙	2
鞚	2
鞛	2
鞜	2
鞟	2
鞡	2
鞢	2
鞣	2
鞤	2
鞥	2
鞧	2
鞨	2
鞩	2
鞪	2
鞬	2
鞮	2
鞰	2
鞱	2
鞲	2
鞳	2
鞴	2
鞵	2
鞶	2
鞷	2
鞸	2
鞹	2
鞺	2
鞻	2
鞼	2
鞾	2
鞿	2
韀	2
韂	2
韄	2
韅	2
韇	2
韈	2
韊	2
韍	2
韎	2
韏	2
韐	2
韑	2
韒	2
韔	2
韕	2
韖	2
韗	2
韘	2
韚	2
韛	2
韝	2
韟	2
韠	2
韡	2
韢	2
韣	2
韤	2
韥	2
韮	2
韯	2
韰	2
韱	2
韲	2
韴	2
韵	2
韷	2
韸	2
韹	2
韺	2
韼	2
韽	2
韾	2
頀	2
頄	2
頇	2
頉	2
頊	2
頋	2
頍	2
頎	2
頔	2
頕	2
頖	2
頙	2
頚	2
頛	2
頝	2
頟	2
頠	2
頢	2
頣	2
頥	2
頧	2
頨	2
頩	2
頪	2
頫	2
頮	2
頯	2
頱	2
頲	2
頳	2
頵	2
頶	2
頺	2
頽	2
頾	2
頿	2
顀	2
顁	2
顂	2
顃	2
顄	2
顅	2
顇	2
顈	2
顉	2
顊	2
顋	2
顐	2
顑	2
顕	2
顖	2
顜	2
顝	2
顟	2
顠	2
顡	2
顢	2
顣	2
顤	2
顦	2
顨	2
顩	2
顪	2
顬	2
顭	2
顮	2
顲	2
颩	2
颫	2
颬	2
颭	2
颮	2
颰	2
颲	2
颵	2
颷	2
颸	2
颹	2
颻	2
颽	2
颾	2
颿	2
飀	2
飁	2
飂	2
飃	2
飇	2
飉	2
飊	2
飋	2
飌	2
飍	2
飜	2
飝	2
飡	2
飣	2
飦	2
飫	2
飬	2
飰	2
飱	2
飳	2
飵	2
飶	2
飷	2
飸	2
飹	2
飺	2
飻	2
飿	2
餀	2
餁	2
餂	2
餄	2
餆	2
餇	2
餋	2
餔	2
餕	2
餖	2
餗	2
餙	2
餜	2
餝	2
餟	2
餠	2
餢	2
餣	2
餤	2
餥	2
餦	2
餩	2
餪	2
餫	2
餭	2
餯	2
餰	2
餲	2
餴	2
餶	2
餷	2
餹	2
餺	2
餻	2
饀	2
饁	2
饄	2
饆	2
饇	2
饊	2
饎	2
饏	2
饐	2
饓	2
饖	2
饙	2
饚	2
饛	2
饝	2
饟	2
饠	2
饡	2
馘	2
馚	2
馛	2
馜	2
馝	2
馞	2
馟	2
馠	2
馡	2
馢	2
馣	2
馤	2
馦	2
馧	2
馩	2
馪	2
馫	2
馯	2
馰	2
馲	2
馵	2
馶	2
馷	2
馸	2
馹	2
馺	2
馻	2
馼	2
馽	2
馾	2
馿	2
駀	2
駂	2
駃	2
駄	2
駆	2
駇	2
駈	2
駉	2
駊	2
駋	2
駌	2
駍	2
駎	2
駏	2
駑	2
駓	2
駔	2
駖	2
駗	2
駘	2
駚	2
駜	2
駞	2
駠	2
駡	2
駢	2
駣	2
駤	2
駥	2
駦	2
駧	2
駨	2
駩	2
駪	2
駫	2
駬	2
駮	2
駯	2
駰	2
駳	2
駴	2
駵	2
駶	2
駷	2
駸	2
駹	2
駺	2
駻	2
駼	2
駽	2
駾	2
騀	2
騂	2
騄	2
騅	2
騆	2
騇	2
騈	2
騉	2
騊	2
騋	2
騌	2
騍	2
騏	2
騑	2
騔	2
騕	2
騗	2
騘	2
騚	2
騛	2
騜	2
騝	2
騞	2
騟	2
騠	2
騡	2
騢	2
騣	2
騤	2
騥	2
騦	2
騧	2
騩	2
騪	2
騬	2
騮	2
騯	2
騱	2
騲	2
騳	2
騴	2
騵	2
騸	2
騹	2
騺	2
騻	2
騼	2
騽	2
騿	2
驂	2
驄	2
驆	2
驇	2
驈	2
驉	2
驋	2
驌	2
驎	2
驏	2
驐	2
驑	2
驓	2
驔	2
驖	2
驘	2
驙	2
驜	2
驝	2
驞	2
驠	2
驡	2
驣	2
驦	2
驧	2
驨	2
驩	2
驫	2
骩	2
骪	2
骫	2
骬	2
骭	2
骮	2
骱	2
骲	2
骳	2
骴	2
骵	2
骹	2
骺	2
骻	2
骽	2
骾	2
骿	2
髃	2
髄	2
髆	2
髇	2
髈	2
髉	2
髊	2
髍	2
髐	2
髗	2
髚	2
髛	2
髜	2
髝	2
髞	2
髟	2
髡	2
髢	2
髣	2
髤	2
髥	2
髧	2
髨	2
髩	2
髪	2
髬	2
髰	2
髱	2
髲	2
髳	2
髵	2
髶	2
髷	2
髸	2
髹	2
髺	2
髼	2
髽	2
髾	2
髿	2
鬀	2
鬁	2
鬂	2
鬄	2
鬅	2
鬇	2
鬈	2
鬉	2
鬊	2
鬋	2
鬌	2
鬎	2
鬏	2
鬐	2
鬑	2
鬒	2
鬔	2
鬕	2
鬖	2
鬗	2
鬙	2
鬛	2
鬜	2
鬞	2
鬠	2
鬡	2
鬤	2
鬦	2
鬫	2
鬬	2
鬯	2
鬰	2
鬲	2
鬳	2
鬴	2
鬵	2
鬷	2
鬸	2
鬹	2
鬺	2
鬽	2
鬾	2
鬿	2
魀	2
魆	2
魉	2
魊	2
魋	2
魌	2
魐	2
魒	2
魓	2
魖	2
魗	2
魙	2
魛	2
魜	2
魝	2
魠	2
魡	2
魢	2
魣	2
魤	2
魥	2
魦	2
魧	2
魨	2
魩	2
魪	2
魫	2
魬	2
魭	2
魮	2
魰	2
魱	2
魲	2
魳	2
魴	2
魵	2
魶	2
魺	2
魻	2
魼	2
魽	2
魾	2
魿	2
鮀	2
鮁	2
鮂	2
鮃	2
鮄	2
鮅	2
鮆	2
鮇	2
鮈	2
鮉	2
鮊	2
鮋	2
鮌	2
鮍	2
鮎	2
鮏	2
鮐	2
鮒	2
鮓	2
鮔	2
鮕	2
鮘	2
鮙	2
鮚	2
鮛	2
鮜	2
鮝	2
鮞	2
鮟	2
鮠	2
鮡	2
鮢	2
鮣	2
鮤	2
鮥	2
鮦	2
鮧	2
鮨	2
鮩	2
鮫	2
鮬	2
鮯	2
鮰	2
鮳	2
鮵	2
鮶	2
鮷	2
鮸	2
鮹	2
鮺	2
鮻	2
鮼	2
鮽	2
鮾	2
鮿	2
鯀	2
鯂	2
鯃	2
鯄	2
鯅	2
鯆	2
鯇	2
鯈	2
鯋	2
鯌	2
鯍	2
鯒	2
鯓	2
鯔	2
鯕	2
鯗	2
鯘	2
鯙	2
鯚	2
鯜	2
鯝	2
鯞	2
鯟	2
鯠	2
鯣	2
鯥	2
鯦	2
鯧	2
鯩	2
鯪	2
鯫	2
鯬	2
鯭	2
鯮	2
鯯	2
鯴	2
鯶	2
鯷	2
鯸	2
鯹	2
鯺	2
鯻	2
鯼	2
鯾	2
鯿	2
鰀	2
鰁	2
鰂	2
鰃	2
鰄	2
鰅	2
鰆	2
鰇	2
鰈	2
鰉	2
鰊	2
鰋	2
鰌	2
鰎	2
鰏	2
鰐	2
鰑	2
鰒	2
鰓	2
鰔	2
鰕	2
鰖	2
鰗	2
鰛	2
鰝	2
鰞	2
鰟	2
鰠	2
鰡	2
鰢	2
鰣	2
鰤	2
鰥	2
鰦	2
鰧	2
鰨	2
鰪	2
鰫	2
鰬	2
鰮	2
鰱	2
鰳	2
鰴	2
鰵	2
鰶	2
鰷	2
鰸	2
鰺	2
鰽	2
鰾	2
鰿	2
鱀	2
鱁	2
鱂	2
鱃	2
鱄	2
鱅	2
鱆	2
鱇	2
鱊	2
鱋	2
鱌	2
鱍	2
鱎	2
鱏	2
鱐	2
鱑	2
鱒	2
鱓	2
鱕	2
鱖	2
鱘	2
鱙	2
鱝	2
鱞	2
鱠	2
鱡	2
鱢	2
鱣	2
鱤	2
鱥	2
鱦	2
鱧	2
鱨	2
鱬	2
鱭	2
鱮	2
鱯	2
鱱	2
鱲	2
鱳	2
鱴	2
鱵	2
鱶	2
鱹	2
鱺	2
鱻	2
鳦	2
鳨	2
鳪	2
鳫	2
鳬	2
鳭	2
鳮	2
鳯	2
鳱	2
鳲	2
鳵	2
鳷	2
鳸	2
鳹	2
鳺	2
鳻	2
鳼	2
鳽	2
鳾	2
鳿	2
鴀	2
鴁	2
鴂	2
鴃	2
鴄	2
鴅	2
鴈	2
鴊	2
鴋	2
鴌	2
鴍	2
鴏	2
鴐	2
鴑	2
鴒	2
鴓	2
鴔	2
鴖	2
鴗	2
鴘	2
鴙	2
鴚	2
鴜	2
鴞	2
鴠	2
鴡	2
鴢	2
鴤	2
鴥	2
鴧	2
鴩	2
鴪	2
鴭	2
鴮	2
鴯	2
鴱	2
鴲	2
鴳	2
鴴	2
鴵	2
鴶	2
鴷	2
鴸	2
鴹	2
鴺	2
鴼	2
鴽	2
鴾	2
鵀	2
鵁	2
鵂	2
鵃	2
鵄	2
鵅	2
鵊	2
鵋	2
鵌	2
鵍	2
鵎	2
鵏	2
鵐	2
鵒	2
鵓	2
鵔	2
鵕	2
鵖	2
鵗	2
鵘	2
鵙	2
鵚	2
鵛	2
鵜	2
鵞	2
鵟	2
鵢	2
鵣	2
鵦	2
鵧	2
鵨	2
鵩	2
鵫	2
鵭	2
鵮	2
鵯	2
鵱	2
鵳	2
鵴	2
鵵	2
鵶	2
鵷	2
鵸	2
鵹	2
鵺	2
鵻	2
鵼	2
鵽	2
鵾	2
鵿	2
鶀	2
鶁	2
鶂	2
鶃	2
鶄	2
鶅	2
鶆	2
鶇	2
鶈	2
鶊	2
鶋	2
鶌	2
鶐	2
鶑	2
鶒	2
鶓	2
鶔	2
鶕	2
鶗	2
鶙	2
鶚	2
鶛	2
鶜	2
鶝	2
鶞	2
鶟	2
鶠	2
鶡	2
鶢	2
鶣	2
鶤	2
鶥	2
鶦	2
鶧	2
鶨	2
鶪	2
鶬	2
鶭	2
鶮	2
鶰	2
鶱	2
鶲	2
鶳	2
鶵	2
鶶	2
鶷	2
鶸	2
鶹	2
鶺	2
鶼	2
鶽	2
鶾	2
鶿	2
鷀	2
鷁	2
鷂	2
鷃	2
鷅	2
鷇	2
鷈	2
鷉	2
鷊	2
鷋	2
鷌	2
鷍	2
鷎	2
鷏	2
鷐	2
鷑	2
鷒	2
鷔	2
鷕	2
鷖	2
鷘	2
鷚	2
鷛	2
鷜	2
鷝	2
鷞	2
鷟	2
鷠	2
鷡	2
鷢	2
鷣	2
鷤	2
鷦	2
鷧	2
鷨	2
鷩	2
鷪	2
鷫	2
鷬	2
鷭	2
鷮	2
鷯	2
鷰	2
鷱	2
鷴	2
鷵	2
鷶	2
鷷	2
鷻	2
鷼	2
鷽	2
鷾	2
鷿	2
鸀	2
鸁	2
鸂	2
鸃	2
鸄	2
鸅	2
鸆	2
鸇	2
鸈	2
鸉	2
鸊	2
鸋	2
鸌	2
鸍	2
鸎	2
鸏	2
鸐	2
鸑	2
鸒	2
鸓	2
鸔	2
鸖	2
鸗	2
鸘	2
鸙	2
鸜	2
鹶	2
鹷	2
鹺	2
鹻	2
麀	2
麃	2
麅	2
麆	2
麈	2
麉	2
麊	2
麌	2
麍	2
麎	2
麏	2
麐	2
麑	2
麔	2
麕	2
麖	2
麘	2
麙	2
麚	2
麛	2
麜	2
麞	2
麠	2
麡	2
麢	2
麣	2
麦	2
麪	2
麫	2
麬	2
麭	2
麮	2
麰	2
麱	2
麲	2
麳	2
麶	2
麷	2
麽	2
黀	2
黂	2
黄	2
黅	2
黆	2
黇	2
黈	2
黊	2
黋	2
黕	2
黖	2
黗	2
黙	2
黚	2
黟	2
黣	2
黤	2
黦	2
黫	2
黬	2
黭	2
黮	2
黰	2
黱	2
黲	2
黳	2
黵	2
黸	2
黹	2
黺	2
黻	2
黼	2
黾	2
鼀	2
鼁	2
鼂	2
鼃	2
鼄	2
鼅	2
鼆	2
鼇	2
鼉	2
鼊	2
鼏	2
鼐	2
鼑	2
鼒	2
鼔	2
鼖	2
鼗	2
鼘	2
鼙	2
鼚	2
鼛	2
鼜	2
鼝	2
鼞	2
鼢	2
鼣	2
鼤	2
鼥	2
鼦	2
鼧	2
鼨	2
鼩	2
鼪	2
鼫	2
鼭	2
鼮	2
鼯	2
鼰	2
鼱	2
鼲	2
鼳	2
鼴	2
鼵	2
鼶	2
鼷	2
鼸	2
鼹	2
鼺	2
鼼	2
鼽	2
鼿	2
齀	2
齂	2
齃	2
齄	2
齅	2
齆	2
齇	2
齈	2
齉	2
齌	2
齍	2
齐	2
齓	2
齔	2
齕	2
齖	2
齗	2
齘	2
齚	2
齛	2
齝	2
齞	2
齠	2
齤	2
齥	2
齨	2
齫	2
齭	2
齮	2
齯	2
齱	2
齳	2
齴	2
齵	2
齶	2
齸	2
齹	2
齺	2
齻	2
齼	2
齽	2
齾	2
龎	2
龏	2
龑	2
龒	2
龓	2
龖	2
龗	2
龝	2
龞	2
龠	2
龡	2
龢	2
龣	2
龤	2
龥	2
兀	2
嗀	2
𠄌	2
𠅗	2
𠆤	2
𠈄	2
𠚼	2
𠰍	2
𠱥	2
𠲵	2
𠴭	2
𠴱	2
𠴲	2
𠶧	2
𠹌	2
𡁏	2
𡂝	2
𡈼	2
𡍶	2
𡜦	2
𡩣	2
𡱰	2
𡲬	2
𡸜	2
𡾞	2
𢂚	2
𢒑	2
𢔈	2
𢔏	2
𢔧	2
𢔨	2
𢔶	2
𢕎	2
𢕔	2
𢕙	2
𢕚	2
𢕞	2
𢕮	2
𢕯	2
𢕺	2
𢕼	2
𢕾	2
𢖐	2
𢙺	2
𢤦	2
𢫦	2
𢫨	2
𢭃	2
𢳂	2
𢹂	2
𢽴	2
𣎴	2
𣛴	2
𣶏	2
𣽊	2
𣿅	2
𤀑	2
𤀹	2
𤃬	2
𤅎	2
𤋁	2
𤌍	2
𤏸	2
𤣻	2
𤩅	2
𤩱	2
𤳉	2
𤷆	2
𥇍	2
𥐙	2
𥒲	2
𥥷	2
𥲑	2
𥼚	2
𦊓	2
𦍋	2
𦍌	2
𦑌	2
𦑩	2
𦒄	2
𦖿	2
𦜆	2
𦞙	2
𦤹	2
𦬕	2
𦭵	2
𦯀	2
𦳃	2
𦳑	2
𦵴	2
𦸇	2
𧁋	2
𧉟	2
𧊶	2
𧜞	2
𧥺	2
𧨊	2
𧬆	2
𧰵	2
𧿹	2
𨁈	2
𨃟	2
𨃨	2
𨉣	2
𨌆	2
𨑨	2
𨑬	2
𨜓	2
𨥨	2
𨦸	2
𨧧	2
𨧨	2
𨧱	2
𨮹	2
𨰉	2
𩂓	2
𩅞	2
𩏠	2
𩐠	2
𩑾	2
𩗩	2
𩣺	2
𩥇	2
𩱳	2
𪃾	2
𪄳	2
𪐞	2
𪐴	2
𪑛	2
𪘁	2
ㄇ	1802
ㄋ	1806
ㄍ	1808
ㄓ	1814
ㄔ	1815
ㄕ	1816
ㄖ	1817
ㄗ	1818
ㄘ	1819
ㄙ	1820
ㄚ	1821
ㄛ	1822
ㄜ	1823
ㄝ	1824
ㄞ	1825
ㄟ	1826
ㄠ	1827
ㄡ	1828
ㄢ	1829
ㄣ	1830
ㄤ	1831
ㄥ	1832
ㄦ	1833
ㄧ	1834
ㄨ	1835
ㄩ	1836
的	1842
是	1843
一	1844
不	1845
有	1846
了	1847
這	1848
人	1849
在	1850
我	1851
麼	1852
大	1853
為	1854
要	1855
來	1856
可	1857
以	1858
他	1859
個	1860
用	1861
中	1862
上	1863
也	1864
能	1865
和	1866
會	1867
就	1868
你	1869
到	1870
們	1871
之	1872
時	1873
生	1874
下	1875
如	1876
好	1877
都	1878
多	1879
出	1880
得	1881
何	1882
什	1883
子	1884
心	1885
家	1886
自	1887
地	1888
無	1889
於	1890
對	1891
行	1892
嗎	1893
道	1894
著	1895
方	1896
者	1897
天	1898
過	1899
而	1900
成	1901
看	1902
還	1903
那	1904
法	1905
所	1906
些	1907
作	1908
小	1909
後	1910
此	1911
機	1912
然	1913
說	1914
發	1915
動	1916
分	1917
定	1918
樣	1919
種	1920
事	1921
想	1922
現	1923
本	1924
與	1925
業	1926
意	1927
點	1928
開	1929
去	1930
工	1931
二	1932
力	1933
其	1934
最	1935
理	1936
三	1937
國	1938
實	1939
體	1940
應	1941
哪	1942
她	1943
面	1944
起	1945
同	1946
呢	1947
間	1948
裡	1949
前	1950
很	1951
怎	1952
相	1953
主	1954
經	1955
沒	1956
學	1957
身	1958
公	1959
氣	1960
重	1961
進	1962
性	1963
手	1964
品	1965
高	1966
使	1967
合	1968
當	1969
真	1970
頭	1971
知	1972
全	1973
電	1974
水	1975
關	1976
年	1977
因	1978
更	1979
新	1980
或	1981
明	1982
正	1983
度	1984
問	1985
常	1986
讓	1987
化	1988
內	1989
加	1990
名	1991
裝	1992
解	1993
將	1994
感	1995
安	1996
情	1997
外	1998
等	1999
長	2000
神	2001
又	2002
物	2003
故	2004
十	2005
及	2006
入	2007
別	2008
兩	2009
產	2010
被	2011
式	2012
位	2013
色	2014
從	2015
資	2016
做	2017
提	2018
次	2019
少	2020
見	2021
量	2022
部	2023
處	2024
保	2025
老	2026
需	2027
場	2028
日	2029
您	2030
選	2031
金	2032
但	2033
該	2034
已	2035
門	2036
給	2037
比	2038
網	2039
非	2040
計	2041
文	2042
程	2043
光	2044
接	2045
眼	2046
空	2047
設	2048
己	2049
特	2050
聲	2051
太	2052
果	2053
料	2054
變	2055
才	2056
吧	2057
兒	2058
司	2059
世	2060
數	2061
第	2062
通	2063
期	2064
風	2065
四	2066
結	2067
即	2068
由	2069
啊	2070
受	2071
回	2072
平	2073
再	2074
美	2075
影	2076
直	2077
原	2078
王	2079
教	2080
今	2081
並	2082
目	2083
口	2084
師	2085
至	2086
流	2087
車	2088
建	2089
服	2090
幾	2091
器	2092
言	2093
表	2094
白	2095
利	2096
題	2097
女	2098
清	2099
向	2100
務	2101
管	2102
界	2103
快	2104
活	2105
完	2106
路	2107
五	2108
打	2109
具	2110
話	2111
覺	2112
先	2113
難	2114
帶	2115
臺	2116
雲	2117
林	2118
置	2119
效	2120
質	2121
單	2122
立	2123
請	2124
信	2125
件	2126
它	2127
海	2128
便	2129
山	2130
只	2131
求	2132
格	2133
把	2134
市	2135
住	2136
強	2137
線	2138
專	2139
修	2140
許	2141
轉	2142
代	2143
死	2144
熱	2145
展	2146
各	2147
容	2148
則	2149
樂	2150
邊	2151
眾	2152
區	2153
必	2154
供	2155
決	2156
放	2157
功	2158
吃	2159
觀	2160
收	2161
商	2162
造	2163
取	2164
系	2165
任	2166
確	2167
跟	2168
員	2169
價	2170
義	2171
傳	2172
東	2173
葉	2174
標	2175
制	2176
型	2177
統	2178
佛	2179
底	2180
案	2181
歡	2182
切	2183
百	2184
指	2185
站	2186
整	2187
未	2188
若	2189
包	2190
戰	2191
注	2192
陳	2193
離	2194
連	2195
根	2196
術	2197
運	2198
片	2199
愛	2200
否	2201
境	2202
星	2203
西	2204
亦	2205
類	2206
滿	2207
食	2208
花	2209
算	2210
交	2211
火	2212
每	2213
走	2214
民	2215
持	2216
思	2217
適	2218
證	2219
防	2220
試	2221
基	2222
技	2223
費	2224
識	2225
客	2226
準	2227
笑	2228
萬	2229
始	2230
形	2231
護	2232
擇	2233
壓	2234
命	2235
極	2236
辦	2237
隨	2238
養	2239
認	2240
深	2241
月	2242
房	2243
音	2244
錢	2245
望	2246
足	2247
論	2248
製	2249
響	2250
諸	2251
石	2252
報	2253
調	2254
總	2255
書	2256
記	2257
視	2258
聽	2259
喜	2260
反	2261
復	2262
微	2263
精	2264
竟	2265
誰	2266
城	2267
步	2268
找	2269
像	2270
病	2271
消	2272
節	2273
優	2274
南	2275
斷	2276
條	2277
訊	2278
驗	2279
易	2280
往	2281
令	2282
依	2283
備	2284
店	2285
候	2286
導	2287
張	2288
推	2289
測	2290
爾	2291
陽	2292
透	2293
溫	2294
助	2295
異	2296
北	2297
治	2298
遊	2299
顯	2300
改	2301
六	2302
示	2303
冷	2304
龍	2305
考	2306
失	2307
首	2308
材	2309
速	2310
支	2311
差	2312
千	2313
照	2314
般	2315
錯	2316
廣	2317
規	2318
卻	2319
議	2320
友	2321
近	2322
級	2323
語	2324
甚	2325
味	2326
遠	2327
輕	2328
買	2329
念	2330
組	2331
引	2332
告	2333
政	2334
存	2335
字	2336
馬	2337
較	2338
落	2339
臉	2340
斯	2341
絕	2342
智	2343
越	2344
黑	2345
善	2346
企	2347
終	2348
續	2349
況	2350
源	2351
德	2352
檢	2353
華	2354
配	2355
寶	2356
血	2357
魔	2358
參	2359
羅	2360
細	2361
勢	2362
達	2363
玩	2364
領	2365
戶	2366
香	2367
團	2368
限	2369
八	2370
青	2371
超	2372
除	2373
環	2374
低	2375
破	2376
屬	2377
簡	2378
靈	2379
集	2380
科	2381
元	2382
施	2383
劍	2384
權	2385
醫	2386
共	2387
控	2388
款	2389
初	2390
習	2391
投	2392
且	2393
板	2394
親	2395
須	2396
士	2397
室	2398
油	2399
州	2400
止	2401
究	2402
殺	2403
夠	2404
景	2405
聖	2406
圖	2407
創	2408
古	2409
際	2410
送	2411
驚	2412
幫	2413
營	2414
族	2415
紅	2416
男	2417
半	2418
值	2419
久	2420
排	2421
息	2422
增	2423
七	2424
秦	2425
拉	2426
九	2427
留	2428
模	2429
謂	2430
查	2431
域	2432
球	2433
酒	2434
維	2435
聯	2436
致	2437
獨	2438
密	2439
顧	2440
飛	2441
素	2442
早	2443
預	2444
莫	2445
土	2446
瞭	2447
藥	2448
尊	2449
段	2450
號	2451
蘇	2452
狀	2453
態	2454
待	2455
孩	2456
略	2457
李	2458
院	2459
介	2460
免	2461
滅	2462
帝	2463
軍	2464
阿	2465
項	2466
盡	2467
刻	2468
象	2469
雙	2470
構	2471
乎	2472
乾	2473
緊	2474
答	2475
牌	2476
險	2477
聞	2478
率	2479
換	2480
據	2481
黃	2482
緣	2483
稱	2484
約	2485
迎	2486
社	2487
靜	2488
釋	2489
居	2490
夫	2491
購	2492
獲	2493
皆	2494
角	2495
執	2496
享	2497
害	2498
麵	2499
群	2500
興	2501
升	2502
層	2503
江	2504
周	2505
另	2506
章	2507
似	2508
倆	2509
鋼	2510
戲	2511
木	2512
研	2513
隊	2514
採	2515
剛	2516
餘	2517
奇	2518
皮	2519
承	2520
謝	2521
係	2522
苦	2523
願	2524
幹	2525
退	2526
冇	2527
講	2528
陰	2529
塵	2530
腦	2531
卡	2532
按	2533
廠	2534
疑	2535
充	2536
官	2537
印	2538
夜	2539
仙	2540
波	2541
福	2542
淨	2543
怕	2544
餐	2545
擊	2546
叫	2547
嚴	2548
校	2549
職	2550
唯	2551
肉	2552
健	2553
列	2554
克	2555
傷	2556
益	2557
慧	2558
勝	2559
左	2560
散	2561
倒	2562
份	2563
股	2564
圍	2565
沉	2566
薩	2567
座	2568
洗	2569
説	2570
母	2571
吸	2572
武	2573
陸	2574
希	2575
隻	2576
封	2577
彼	2578
畫	2579
端	2580
衣	2581
句	2582
虛	2583
坐	2584
寫	2585
假	2586
貨	2587
康	2588
宗	2589
療	2590
菩	2591
舉	2592
怪	2593
育	2594
脈	2595
媽	2596
歸	2597
劃	2598
急	2599
惡	2600
拿	2601
爭	2602
例	2603
輸	2604
痛	2605
皇	2606
藝	2607
峰	2608
減	2609
紹	2610
補	2611
輪	2612
藏	2613
停	2614
灣	2615
禮	2616
園	2617
港	2618
液	2619
頂	2620
銷	2621
歷	2622
降	2623
負	2624
膠	2625
良	2626
府	2627
臨	2628
策	2629
朋	2630
凡	2631
曾	2632
旅	2633
寒	2634
趣	2635
亞	2636
尋	2637
繼	2638
拍	2639
缺	2640
突	2641
誤	2642
陣	2643
敢	2644
亮	2645
付	2646
啦	2647
脫	2648
啟	2649
魚	2650
夢	2651
普	2652
耶	2653
套	2654
圓	2655
局	2656
父	2657
玄	2658
編	2659
河	2660
曰	2661
露	2662
布	2663
晚	2664
永	2665
援	2666
鐵	2667
評	2668
朝	2669
楚	2670
操	2671
樓	2672
宜	2673
演	2674
障	2675
仍	2676
飯	2677
盤	2678
辰	2679
範	2680
英	2681
讀	2682
責	2683
粉	2684
積	2685
冰	2686
史	2687
軟	2688
談	2689
寧	2690
腳	2691
祖	2692
背	2693
財	2694
協	2695
招	2696
銀	2697
亂	2698
壞	2699
絲	2700
固	2701
課	2702
宮	2703
濟	2704
佳	2705
沙	2706
雪	2707
穿	2708
乘	2709
巴	2710
遇	2711
乃	2712
舊	2713
攝	2714
齊	2715
毒	2716
君	2717
漢	2718
票	2719
衛	2720
登	2721
移	2722
鬼	2723
靠	2724
染	2725
階	2726
耳	2727
順	2728
雷	2729
隱	2730
律	2731
欲	2732
含	2733
擔	2734
申	2735
監	2736
米	2737
察	2738
附	2739
富	2740
毛	2741
威	2742
貴	2743
箱	2744
茶	2745
堂	2746
蘭	2747
掉	2748
賽	2749
練	2750
暗	2751
劑	2752
兵	2753
宇	2754
草	2755
掌	2756
班	2757
射	2758
摩	2759
儀	2760
刀	2761
懷	2762
救	2763
觸	2764
載	2765
夏	2766
挑	2767
省	2768
碼	2769
慢	2770
賣	2771
短	2772
蓋	2773
詳	2774
秘	2775
架	2776
磨	2777
云	2778
牙	2779
追	2780
巧	2781
禁	2782
飲	2783
某	2784
損	2785
註	2786
妙	2787
避	2788
混	2789
骨	2790
偏	2791
京	2792
僅	2793
檔	2794
煩	2795
彩	2796
哥	2797
喝	2798
慮	2799
恐	2800
牛	2801
呼	2802
衝	2803
委	2804
眉	2805
探	2806
派	2807
雜	2808
樹	2809
圈	2810
穩	2811
遍	2812
激	2813
雨	2814
弟	2815
核	2816
鍵	2817
聚	2818
針	2819
頓	2820
儲	2821
川	2822
幕	2823
黨	2824
狗	2825
堅	2826
守	2827
春	2828
均	2829
訓	2830
訂	2831
蛋	2832
祝	2833
額	2834
屋	2835
述	2836
墨	2837
詢	2838
抗	2839
煙	2840
跑	2841
熟	2842
麗	2843
冊	2844
趕	2845
雖	2846
床	2847
志	2848
爆	2849
玉	2850
版	2851
博	2852
鬆	2853
翻	2854
錄	2855
佈	2856
析	2857
滑	2858
尚	2859
農	2860
館	2861
默	2862
劇	2863
既	2864
菜	2865
婚	2866
肯	2867
虎	2868
庭	2869
巨	2870
池	2871
羽	2872
危	2873
融	2874
楊	2875
畢	2876
私	2877
孟	2878
納	2879
售	2880
盟	2881
震	2882
緩	2883
村	2884
硬	2885
稍	2886
顏	2887
築	2888
搖	2889
零	2890
旁	2891
疫	2892
童	2893
刺	2894
宣	2895
潔	2896
盛	2897
喔	2898
末	2899
季	2900
織	2901
討	2902
魂	2903
索	2904
湯	2905
沈	2906
姐	2907
右	2908
搭	2909
迴	2910
迷	2911
誠	2912
紙	2913
輩	2914
燈	2915
培	2916
訴	2917
塑	2918
廳	2919
邪	2920
判	2921
趙	2922
膚	2923
番	2924
休	2925
燒	2926
呀	2927
幸	2928
械	2929
曌	2930
俱	2931
汙	2932
徵	2933
紀	2934
副	2935
橫	2936
途	2937
浮	2938
鮮	2939
訪	2940
睡	2941
警	2942
閃	2943
塔	2944
概	2945
審	2946
擁	2947
播	2948
典	2949
惠	2950
尼	2951
秋	2952
塊	2953
暴	2954
獎	2955
凝	2956
酸	2957
罪	2958
悟	2959
鬥	2960
純	2961
攻	2962
符	2963
忙	2964
擺	2965
洲	2966
壽	2967
碎	2968
洞	2969
狂	2970
洛	2971
麻	2972
烈	2973
怒	2974
島	2975
甲	2976
漏	2977
勞	2978
延	2979
忍	2980
嘴	2981
筆	2982
傢	2983
獸	2984
綠	2985
里	2986
沖	2987
歌	2988
貼	2989
症	2990
夥	2991
醒	2992
困	2993
互	2994
豈	2995
植	2996
薦	2997
髮	2998
曲	2999
汽	3000
週	3001
彈	3002
濕	3003
忘	3004
僧	3005
婦	3006
隔	3007
騰	3008
耐	3009
廢	3010
孫	3011
塗	3012
淡	3013
曉	3014
閉	3015
浪	3016
忽	3017
泰	3018
袋	3019
徒	3020
瞬	3021
寸	3022
野	3023
唐	3024
稅	3025
敵	3026
殊	3027
歲	3028
殿	3029
婆	3030
篇	3031
鎮	3032
束	3033
患	3034
藍	3035
舒	3036
爺	3037
豐	3038
妖	3039
頁	3040
戒	3041
縮	3042
尾	3043
懂	3044
宋	3045
複	3046
妹	3047
宿	3048
韓	3049
雞	3050
悉	3051
伴	3052
弱	3053
爸	3054
吳	3055
窗	3056
惱	3057
詞	3058
旋	3059
丹	3060
閥	3061
疾	3062
縣	3063
鏡	3064
庫	3065
阻	3066
敗	3067
批	3068
啥	3069
漸	3070
縁	3071
亡	3072
朱	3073
恩	3074
淵	3075
敬	3076
括	3077
託	3078
犯	3079
軸	3080
縱	3081
揮	3082
灰	3083
飾	3084
船	3085
閱	3086
舞	3087
湖	3088
遺	3089
雄	3090
奶	3091
哈	3092
距	3093
劉	3094
烏	3095
肥	3096
噴	3097
猶	3098
孔	3099
冬	3100
振	3101
折	3102
貓	3103
鼓	3104
跳	3105
授	3106
鍋	3107
珠	3108
膽	3109
伏	3110
幅	3111
劫	3112
田	3113
抓	3114
慶	3115
漫	3116
違	3117
握	3118
胡	3119
歐	3120
炎	3121
莊	3122
覆	3123
序	3124
頻	3125
雅	3126
徑	3127
咱	3128
逐	3129
簽	3130
娘	3131
掛	3132
奧	3133
洋	3134
航	3135
膜	3136
蕭	3137
搞	3138
塞	3139
泡	3140
抽	3141
恆	3142
顆	3143
潤	3144
絡	3145
貸	3146
泛	3147
煉	3148
賺	3149
泵	3150
櫃	3151
拜	3152
抱	3153
腐	3154
潮	3155
幣	3156
肌	3157
刷	3158
揚	3159
尺	3160
桌	3161
榮	3162
甜	3163
租	3164
殘	3165
乳	3166
徹	3167
署	3168
泥	3169
覽	3170
吾	3171
濾	3172
燃	3173
暖	3174
惑	3175
競	3176
促	3177
街	3178
爐	3179
棄	3180
厚	3181
炸	3182
焦	3183
勁	3184
齒	3185
累	3186
毫	3187
礙	3188
慕	3189
裂	3190
返	3191
措	3192
革	3193
嘗	3194
估	3195
潛	3196
秀	3197
氧	3198
紛	3199
側	3200
衡	3201
礎	3202
替	3203
督	3204
鐘	3205
紫	3206
聊	3207
賭	3208
睛	3209
悲	3210
憂	3211
卷	3212
繁	3213
胸	3214
浩	3215
賞	3216
捨	3217
逃	3218
璃	3219
嘛	3220
傾	3221
厲	3222
薄	3223
鄉	3224
甘	3225
惟	3226
螺	3227
奉	3228
邦	3229
逼	3230
逆	3231
兄	3232
汗	3233
愈	3234
焊	3235
柔	3236
席	3237
午	3238
吉	3239
丁	3240
棒	3241
猛	3242
澤	3243
賬	3244
洪	3245
蒼	3246
憶	3247
氏	3248
倍	3249
借	3250
幻	3251
拳	3252
涼	3253
諾	3254
豆	3255
陷	3256
寂	3257
敏	3258
兼	3259
矣	3260
脂	3261
舌	3262
戴	3263
掃	3264
囉	3265
陀	3266
磁	3267
凌	3268
嚇	3269
予	3270
抵	3271
苗	3272
滾	3273
蟲	3274
鎖	3275
疼	3276
菌	3277
閣	3278
壯	3279
伊	3280
弄	3281
玻	3282
勵	3283
尖	3284
蘊	3285
瓶	3286
疏	3287
嘉	3288
眞	3289
插	3290
槍	3291
磚	3292
獻	3293
寬	3294
咖	3295
舍	3296
吐	3297
郵	3298
瘋	3299
胃	3300
鳴	3301
搶	3302
媒	3303
跡	3304
驟	3305
泉	3306
慣	3307
偉	3308
珍	3309
欣	3310
尤	3311
銹	3312
汝	3313
徐	3314
淺	3315
柱	3316
鋁	3317
辨	3318
幼	3319
遞	3320
挺	3321
糖	3322
賴	3323
奮	3324
橋	3325
迫	3326
紋	3327
伯	3328
奈	3329
濃	3330
帳	3331
霧	3332
央	3333
佔	3334
赤	3335
朗	3336
妻	3337
魯	3338
凈	3339
腸	3340
冠	3341
冒	3342
拔	3343
孕	3344
搜	3345
屍	3346
粒	3347
諮	3348
礦	3349
擬	3350
憑	3351
截	3352
填	3353
壁	3354
晶	3355
騙	3356
允	3357
仁	3358
唔	3359
楓	3360
彌	3361
皺	3362
愣	3363
腹	3364
貫	3365
猜	3366
贏	3367
漆	3368
鼻	3369
伸	3370
杯	3371
豪	3372
遲	3373
梯	3374
粗	3375
俗	3376
忌	3377
鏈	3378
丟	3379
盒	3380
豬	3381
摸	3382
抹	3383
窮	3384
吹	3385
努	3386
辛	3387
徳	3388
駕	3389
貌	3390
匯	3391
森	3392
診	3393
秒	3394
蒙	3395
仰	3396
諦	3397
剎	3398
燥	3399
貝	3400
惜	3401
瓜	3402
狠	3403
映	3404
蓮	3405
姬	3406
姓	3407
偶	3408
狼	3409
碰	3410
畏	3411
獄	3412
績	3413
哦	3414
詩	3415
擴	3416
禪	3417
夾	3418
蒸	3419
割	3420
嘅	3421
災	3422
爽	3423
賢	3424
胎	3425
倫	3426
奪	3427
緒	3428
肺	3429
垂	3430
谷	3431
桿	3432
呆	3433
傻	3434
荒	3435
姑	3436
謀	3437
兇	3438
墻	3439
捷	3440
幽	3441
址	3442
擾	3443
遮	3444
妄	3445
逸	3446
恨	3447
呈	3448
欄	3449
啡	3450
隆	3451
宅	3452
昔	3453
賓	3454
荷	3455
廚	3456
柳	3457
桃	3458
暫	3459
扣	3460
瓦	3461
旨	3462
哭	3463
慈	3464
騎	3465
辭	3466
勇	3467
寵	3468
仔	3469
撐	3470
瑞	3471
鳥	3472
溝	3473
娛	3474
松	3475
拒	3476
陪	3477
洩	3478
拂	3479
踏	3480
悠	3481
蜜	3482
伽	3483
趨	3484
浴	3485
眸	3486
唸	3487
眠	3488
撞	3489
腿	3490
嘆	3491
譜	3492
耗	3493
遭	3494
砂	3495
輯	3496
裁	3497
縫	3498
銳	3499
翼	3500
竹	3501
牆	3502
菲	3503
逝	3504
津	3505
昭	3506
迅	3507
恢	3508
擦	3509
襲	3510
億	3511
鬧	3512
碳	3513
鋒	3514
悔	3515
丘	3516
譯	3517
臣	3518
悅	3519
罷	3520
券	3521
焉	3522
搬	3523
鬱	3524
驅	3525
臟	3526
抑	3527
滋	3528
廻	3529
仲	3530
閒	3531
乙	3532
涉	3533
召	3534
郡	3535
唱	3536
傅	3537
癌	3538
鋪	3539
厭	3540
寄	3541
衹	3542
脆	3543
鳳	3544
孤	3545
喊	3546
謬	3547
虧	3548
纖	3549
毀	3550
懼	3551
滴	3552
貪	3553
梅	3554
涅	3555
讚	3556
儘	3557
爹	3558
倉	3559
戀	3560
綜	3561
偷	3562
岸	3563
抬	3564
井	3565
鄭	3566
篩	3567
霍	3568
槃	3569
迦	3570
枝	3571
耀	3572
嬰	3573
慘	3574
剩	3575
吊	3576
妝	3577
暢	3578
賊	3579
罩	3580
寺	3581
庸	3582
轟	3583
斬	3584
梵	3585
妳	3586
咋	3587
擋	3588
怨	3589
辣	3590
俄	3591
腰	3592
氛	3593
罵	3594
肩	3595
迪	3596
蝕	3597
臭	3598
飽	3599
蹤	3600
諧	3601
誕	3602
胞	3603
扶	3604
糊	3605
銅	3606
鞋	3607
描	3608
軌	3609
梁	3610
悶	3611
漂	3612
羊	3613
遙	3614
牢	3615
宙	3616
屈	3617
雕	3618
澳	3619
吞	3620
灌	3621
瑪	3622
彆	3623
跨	3624
遷	3625
伺	3626
裴	3627
廈	3628
殼	3629
妨	3630
翠	3631
麥	3632
凍	3633
傑	3634
辯	3635
貧	3636
渡	3637
瑜	3638
丸	3639
陶	3640
霜	3641
籌	3642
湧	3643
怖	3644
肝	3645
烤	3646
瓷	3647
輔	3648
誦	3649
顫	3650
奔	3651
勤	3652
郎	3653
揭	3654
冥	3655
稀	3656
叔	3657
歎	3658
勒	3659
拖	3660
憤	3661
喲	3662
債	3663
蛇	3664
佩	3665
鴻	3666
漲	3667
吼	3668
臂	3669
卒	3670
丈	3671
屏	3672
鍾	3673
坑	3674
淚	3675
椅	3676
黎	3677
姿	3678
喬	3679
齡	3680
躍	3681
牽	3682
盈	3683
盯	3684
旗	3685
漿	3686
貿	3687
穴	3688
餅	3689
飄	3690
咪	3691
侵	3692
董	3693
霸	3694
粘	3695
忠	3696
熊	3697
喪	3698
蕩	3699
綿	3700
朵	3701
謙	3702
溶	3703
萊	3704
遵	3705
帥	3706
拌	3707
輛	3708
邀	3709
脾	3710
屆	3711
尿	3712
慌	3713
薑	3714
喻	3715
駛	3716
卓	3717
繞	3718
矽	3719
拆	3720
曼	3721
筋	3722
罐	3723
巖	3724
晨	3725
償	3726
扭	3727
跌	3728
鹽	3729
弗	3730
魏	3731
輝	3732
瞪	3733
鑄	3734
槽	3735
遂	3736
煮	3737
昧	3738
坦	3739
纜	3740
拼	3741
陵	3742
串	3743
淋	3744
攪	3745
慰	3746
欺	3747
宏	3748
渴	3749
拋	3750
巫	3751
劣	3752
娜	3753
咬	3754
渾	3755
螢	3756
臥	3757
聘	3758
晉	3759
糕	3760
堪	3761
衷	3762
勿	3763
堆	3764
譽	3765
抖	3766
彎	3767
唷	3768
艾	3769
埋	3770
沐	3771
琴	3772
醬	3773
祥	3774
愚	3775
蠻	3776
沿	3777
穌	3778
撲	3779
鼠	3780
酷	3781
頗	3782
唇	3783
腎	3784
聰	3785
懸	3786
賦	3787
藉	3788
碗	3789
催	3790
訛	3791
撥	3792
勸	3793
昏	3794
灑	3795
衰	3796
牧	3797
頌	3798
恰	3799
瑤	3800
仇	3801
挖	3802
懵	3803
祭	3804
闆	3805
哎	3806
慎	3807
誌	3808
賠	3809
遣	3810
繳	3811
拓	3812
籍	3813
榜	3814
契	3815
糧	3816
賀	3817
賜	3818
哉	3819
駭	3820
暑	3821
舟	3822
奏	3823
燕	3824
錶	3825
叉	3826
煤	3827
恭	3828
刑	3829
捕	3830
贊	3831
兔	3832
殷	3833
撒	3834
薪	3835
勾	3836
饒	3837
崩	3838
薇	3839
喚	3840
倶	3841
棉	3842
痴	3843
炮	3844
瞧	3845
叢	3846
攜	3847
汁	3848
躲	3849
筒	3850
偽	3851
爛	3852
壇	3853
曬	3854
膏	3855
垃	3856
墊	3857
圾	3858
伙	3859
剪	3860
炒	3861
乏	3862
闊	3863
嗬	3864
柴	3865
愁	3866
邁	3867
箭	3868
坊	3869
凱	3870
踐	3871
罰	3872
殖	3873
妮	3874
斑	3875
蓄	3876
盜	3877
宛	3878
伍	3879
廟	3880
霄	3881
煞	3882
胖	3883
姆	3884
芒	3885
巡	3886
杜	3887
衍	3888
禦	3889
窩	3890
錦	3891
侯	3892
坡	3893
愧	3894
羞	3895
悄	3896
溪	3897
顛	3898
鑽	3899
屠	3900
贈	3901
浸	3902
謹	3903
貢	3904
弦	3905
圳	3906
屁	3907
鍊	3908
禍	3909
擠	3910
侍	3911
腔	3912
併	3913
框	3914
碩	3915
晰	3916
繩	3917
竭	3918
欠	3919
繪	3920
添	3921
辱	3922
魄	3923
御	3924
侶	3925
晃	3926
履	3927
奴	3928
穆	3929
掩	3930
羨	3931
赫	3932
蟻	3933
肅	3934
囌	3935
惹	3936
誇	3937
昨	3938
墮	3939
漠	3940
鄰	3941
誘	3942
崗	3943
堵	3944
姜	3945
頃	3946
鹹	3947
囊	3948
扯	3949
溜	3950
桶	3951
痕	3952
碑	3953
扇	3954
傲	3955
盧	3956
魅	3957
擎	3958
軀	3959
渠	3960
撤	3961
捲	3962
烘	3963
匠	3964
捉	3965
仿	3966
鼎	3967
祂	3968
滯	3969
籠	3970
沁	3971
驕	3972
瀉	3973
彷	3974
焰	3975
繫	3976
旦	3977
曹	3978
哀	3979
勻	3980
瘦	3981
褲	3982
彰	3983
蒂	3984
癥	3985
毅	3986
宴	3987
脅	3988
肚	3989
稿	3990
樑	3991
禱	3992
腫	3993
茲	3994
廷	3995
妃	3996
晴	3997
訣	3998
瀏	3999
紐	4000
芯	4001
儅	4002
膝	4003
昂	4004
斜	4005
犬	4006
撼	4007
譬	4008
逢	4009
銘	4010
脹	4011
崇	4012
缸	4013
盆	4014
嫌	4015
鍛	4016
炭	4017
蔬	4018
滲	4019
循	4020
敦	4021
堡	4022
盾	4023
龐	4024
寡	4025
娃	4026
穀	4027
赴	4028
廉	4029
鐳	4030
隙	4031
姨	4032
砸	4033
醉	4034
蓉	4035
慾	4036
柄	4037
糟	4038
擧	4039
憐	4040
膩	4041
鹿	4042
昌	4043
湊	4044
狐	4045
詐	4046
嬌	4047
爬	4048
刪	4049
蝦	4050
糾	4051
愉	4052
蜂	4053
懶	4054
勃	4055
敘	4056
披	4057
乖	4058
肖	4059
煎	4060
僵	4061
頷	4062
巾	4063
旺	4064
錘	4065
怔	4066
獅	4067
緻	4068
躺	4069
頸	4070
墓	4071
陌	4072
曏	4073
妥	4074
扮	4075
蘋	4076
恥	4077
纏	4078
佼	4079
涵	4080
逛	4081
瑩	4082
扎	4083
匆	4084
俊	4085
袖	4086
饋	4087
韋	4088
毋	4089
暈	4090
嫁	4091
役	4092
罕	4093
斥	4094
夷	4095
跪	4096
垢	4097
喩	4098
袁	4099
袍	4100
疊	4101
曆	4102
游	4103
俺	4104
韻	4105
婉	4106
梢	4107
匹	4108
枚	4109
祈	4110
芳	4111
獵	4112
押	4113
鍍	4114
疆	4115
葡	4116
倏	4117
涯	4118
睇	4119
龜	4120
莎	4121
渣	4122
兆	4123
哲	4124
卿	4125
仗	4126
咁	4127
棋	4128
彿	4129
嶺	4130
呵	4131
干	4132
削	4133
茫	4134
訝	4135
孝	4136
墅	4137
盼	4138
卸	4139
泳	4140
藤	4141
鶴	4142
劈	4143
霎	4144
撫	4145
雀	4146
帽	4147
攔	4148
彤	4149
噪	4150
敷	4151
橡	4152
敲	4153
猴	4154
碧	4155
廁	4156
疲	4157
膀	4158
姻	4159
瘴	4160
燻	4161
釘	4162
葬	4163
鑒	4164
籃	4165
莉	4166
睜	4167
捏	4168
酬	4169
掘	4170
趁	4171
駐	4172
拾	4173
琳	4174
萄	4175
吻	4176
盪	4177
恍	4178
拘	4179
箇	4180
斂	4181
蔽	4182
淩	4183
崔	4184
尬	4185
熔	4186
坤	4187
躁	4188
沾	4189
馨	4190
捐	4191
卵	4192
蝶	4193
慨	4194
洽	4195
攤	4196
誓	4197
寓	4198
枯	4199
櫻	4200
丫	4201
咒	4202
崽	4203
閻	4204
醜	4205
賈	4206
矛	4207
邏	4208
碟	4209
眯	4210
翁	4211
埃	4212
鋅	4213
軒	4214
餓	4215
僱	4216
桂	4217
芝	4218
瞳	4219
萱	4220
紗	4221
矯	4222
墜	4223
豫	4224
耍	4225
踩	4226
鈴	4227
氨	4228
豎	4229
泯	4230
虞	4231
刮	4232
溢	4233
錫	4234
坪	4235
玲	4236
矩	4237
斗	4238
諒	4239
艱	4240
毘	4241
遜	4242
鉆	4243
卑	4244
嶽	4245
旭	4246
穎	4247
伐	4248
曜	4249
濤	4250
佢	4251
鴉	4252
僕	4253
掠	4254
鑑	4255
鋸	4256
夕	4257
撕	4258
駁	4259
瞎	4260
澀	4261
醇	4262
簾	4263
俠	4264
瀾	4265
歧	4266
肪	4267
昆	4268
惶	4269
豔	4270
奢	4271
萌	4272
潰	4273
閑	4274
棟	4275
采	4276
戈	4277
裙	4278
咳	4279
郭	4280
咩	4281
襯	4282
賤	4283
厥	4284
儒	4285
嫩	4286
眷	4287
斤	4288
増	4289
肢	4290
佐	4291
迭	4292
畜	4293
弘	4294
瑟	4295
姊	4296
濁	4297
敞	4298
亭	4299
后	4300
吵	4301
嘻	4302
霆	4303
衫	4304
刃	4305
祇	4306
儕	4307
痰	4308
穢	4309
桑	4310
盲	4311
癒	4312
鷹	4313
犀	4314
艦	4315
嘔	4316
婁	4317
樸	4318
婷	4319
縷	4320
掙	4321
嗣	4322
闡	4323
沫	4324
卜	4325
兌	4326
孃	4327
硫	4328
葛	4329
酥	4330
恁	4331
葵	4332
乞	4333
鬨	4334
酵	4335
販	4336
勉	4337
巔	4338
棚	4339
逾	4340
嘿	4341
匿	4342
姚	4343
虹	4344
裕	4345
錚	4346
脊	4347
裹	4348
栽	4349
縛	4350
樞	4351
摘	4352
莽	4353
帕	4354
喘	4355
柏	4356
澄	4357
鞭	4358
函	4359
沸	4360
枕	4361
烯	4362
腑	4363
灶	4364
尷	4365
佬	4366
哼	4367
豹	4368
腺	4369
蘿	4370
兀	4371
鵝	4372
諱	4373
詮	4374
竅	4375
竊	4376
輥	4377
芽	4378
爪	4379
糞	4380
冤	4381
汪	4382
貞	4383
暮	4384
歉	4385
梨	4386
飼	4387
濱	4388
訶	4389
眨	4390
帆	4391
焚	4392
淪	4393
逗	4394
黏	4395
繆	4396
宰	4397
燭	4398
頰	4400
兮	4401
閘	4402
搏	4403
憾	4404
髓	4405
蔡	4406
籤	4407
詭	4408
扔	4409
偈	4410
謎	4411
鈕	4412
鵬	4413
瘡	4414
胤	4415
爵	4416
瞞	4417
嚐	4418
喇	4419
甩	4420
韶	4421
鉤	4422
啞	4423
廊	4424
泊	4425
酌	4426
嘯	4427
腕	4428
闖	4429
瑰	4430
刊	4431
叛	4432
亥	4433
苑	4434
挨	4435
怡	4436
吟	4437
澡	4438
鴨	4439
蠟	4440
淘	4441
趟	4442
疇	4443
睦	4444
釀	4445
癢	4446
豁	4447
屑	4448
霛	4449
樁	4450
頒	4451
巢	4452
詫	4453
穹	4454
攸	4455
弊	4456
嘲	4457
凸	4458
紮	4459
澆	4460
蠢	4461
俯	4462
氮	4463
剖	4464
徽	4465
呱	4466
蘆	4467
卦	4468
脩	4469
鈣	4470
薛	4471
蔥	4472
杖	4473
隕	4474
竝	4475
驢	4476
蹟	4477
蟹	4478
蠍	4479
醛	4480
揉	4481
寰	4482
灘	4483
翔	4484
匪	4485
帖	4486
夭	4487
剝	4488
椒	4489
茂	4490
抄	4491
黴	4492
酯	4493
杭	4494
咕	4495
托	4496
拱	4497
搵	4498
爍	4499
淫	4500
瘤	4501
煌	4502
氫	4503
菸	4504
綁	4505
撓	4506
倦	4507
嵐	4508
麁	4509
彭	4510
柯	4511
賃	4512
壤	4513
哩	4514
闔	4515
闢	4516
膨	4517
歇	4518
摧	4519
渦	4520
睹	4521
攀	4522
椎	4523
粹	4524
咽	4525
韌	4526
蕾	4527
澈	4528
坎	4529
昇	4530
宵	4531
檯	4532
靡	4533
肇	4534
闕	4535
騷	4536
肆	4537
簧	4538
朕	4539
鄧	4540
竣	4541
喉	4542
邑	4543
熬	4544
昊	4545
叮	4546
牲	4547
熾	4548
綱	4549
嘶	4550
躰	4551
漁	4552
呦	4553
詔	4554
愕	4555
桐	4556
鉛	4557
諷	4558
曝	4559
丙	4560
踢	4561
軋	4562
揀	4563
莞	4564
氯	4565
憲	4566
奸	4567
缽	4568
橘	4569
擅	4570
撿	4571
砍	4572
匙	4573
囑	4574
甄	4575
挽	4576
阮	4577
燙	4578
捧	4579
偵	4580
媚	4581
蹙	4582
廂	4583
栓	4584
屢	4585
笨	4586
傭	4587
啤	4588
燦	4589
艘	4590
晏	4591
醋	4592
梟	4593
弓	4594
彙	4595
揹	4596
倘	4597
謊	4598
塌	4599
滄	4600
鑫	4601
懈	4602
濫	4603
躬	4604
絨	4605
亢	4606
窺	4607
灼	4608
髒	4609
凜	4611
臘	4612
檸	4613
澱	4614
牠	4615
毯	4616
娶	4617
屯	4618
蓬	4619
脖	4620
鋰	4621
靖	4622
郊	4623
鄙	4624
虐	4625
梗	4626
撰	4627
募	4628
艙	4629
稻	4630
咧	4631
矚	4632
渺	4633
蹈	4634
鑰	4635
訟	4636
潭	4637
咦	4638
釐	4639
潑	4640
紕	4641
輾	4642
翰	4643
懲	4644
峻	4645
弧	4646
魁	4647
剋	4648
俞	4649
墟	4650
頑	4651
庶	4652
淮	4653
瞻	4654
遼	4655
旬	4656
聳	4657
拭	4658
沌	4659
檀	4660
壹	4661
裸	4662
篤	4663
浙	4664
覷	4665
攏	4666
舛	4667
犧	4668
陡	4669
冶	4670
曠	4671
鱗	4672
倩	4673
翅	4674
奕	4675
芙	4676
閨	4677
耕	4678
窯	4679
摔	4680
誅	4681
歪	4682
滌	4683
駱	4684
秤	4685
堿	4686
攬	4687
蚊	4688
朽	4689
狹	4690
瞋	4691
癮	4692
泣	4693
淇	4694
苟	4695
喃	4696
猝	4697
莓	4698
熄	4699
巷	4700
廬	4701
稽	4702
恙	4703
猿	4704
驀	4705
呂	4706
輻	4707
氟	4708
沃	4709
峽	4710
壺	4711
塘	4712
轍	4713
祿	4714
哄	4715
琪	4716
踵	4717
寨	4718
玫	4719
釣	4720
戎	4721
錨	4722
墳	4723
菇	4724
瞥	4725
灸	4726
硝	4727
掀	4728
尹	4729
兜	4730
杏	4731
芬	4732
傍	4733
瘧	4734
罡	4735
蛛	4736
蒲	4737
隸	4738
倚	4739
囂	4740
蔣	4741
翹	4742
馮	4743
瓊	4744
鏢	4745
蒞	4746
琛	4747
痘	4748
侷	4749
餵	4750
挫	4751
艇	4752
鈍	4753
錐	4754
絶	4755
倡	4756
肘	4757
馳	4758
秉	4759
熙	4760
莖	4761
憋	4762
邵	4763
祁	4764
綻	4765
嗚	4766
籲	4767
霞	4768
株	4769
斐	4770
歟	4771
磅	4772
棠	4773
瑕	4774
准	4775
轄	4776
斧	4777
粥	4778
慄	4779
誼	4780
烹	4781
殆	4782
縂	4783
恬	4784
盃	4785
鑿	4786
葯	4787
岡	4788
簿	4789
稟	4790
産	4791
拯	4792
蔓	4793
曇	4794
矢	4795
豕	4796
柵	4797
梓	4798
瀝	4799
揍	4800
晝	4801
扛	4802
梳	4803
唾	4804
溯	4805
撈	4806
睽	4807
輿	4808
噬	4809
欽	4810
巍	4811
眡	4812
恕	4813
淬	4814
繃	4815
臆	4816
禾	4817
諜	4818
菊	4819
曦	4820
貶	4821
郃	4822
潘	4823
亟	4824
掏	4825
骸	4826
悚	4827
薯	4828
扁	4829
妍	4830
銜	4832
荊	4833
凰	4834
淑	4835
皂	4836
襄	4837
梭	4838
嫣	4839
媳	4840
嵌	4841
彥	4842
嗽	4843
寢	4844
跋	4845
陛	4846
悍	4847
茅	4848
炫	4849
噩	4850
茨	4851
紡	4852
嚟	4853
鬚	4854
娑	4855
宸	4856
嬤	4857
臍	4858
顰	4859
怠	4860
檬	4861
妒	4862
珊	4863
挪	4864
歹	4865
薰	4866
楞	4867
隋	4868
揣	4869
嫉	4870
廓	4871
艷	4872
詣	4873
仕	4874
蛻	4875
嫂	4876
釜	4877
擲	4878
秩	4879
矮	4880
屎	4881
棺	4882
槓	4883
齋	4884
耆	4885
拚	4886
疹	4887
洶	4888
弈	4889
漬	4890
澎	4891
苔	4892
穫	4893
篷	4894
棲	4895
泌	4896
麟	4897
喧	4898
冉	4899
囚	4900
贖	4901
遐	4903
娥	4904
娓	4905
絃	4906
擰	4907
蹲	4908
厄	4909
飢	4910
磕	4911
咯	4912
蒐	4913
懇	4914
蒜	4915
腥	4916
茄	4917
葫	4918
凹	4919
裔	4920
聾	4921
洵	4922
絞	4923
嗓	4924
窄	4925
罔	4926
萃	4927
畱	4928
戳	4929
雁	4930
靚	4931
棍	4932
譚	4933
乍	4934
湛	4935
崖	4936
繡	4937
皓	4938
磷	4939
袞	4940
畔	4941
膈	4942
瞅	4943
稚	4944
濺	4945
鯨	4946
辜	4947
憎	4948
謗	4949
翩	4950
啪	4951
摯	4952
鈉	4953
証	4954
廝	4955
讃	4956
嬋	4957
隧	4958
噹	4959
筷	4960
嶼	4961
毉	4962
佑	4963
蟬	4964
蕉	4965
遁	4966
歳	4967
胺	4968
浦	4969
甸	4970
嗅	4971
瀟	4972
呪	4973
碌	4974
湘	4975
諍	4976
燮	4977
酪	4978
嗡	4979
鉅	4980
戚	4981
枉	4982
揪	4983
勘	4984
瘟	4985
穗	4986
碾	4987
嚮	4988
懺	4989
瑾	4990
膳	4991
婢	4992
埔	4993
牟	4994
鎂	4995
崎	4996
炬	4997
臾	4998
椰	4999
捂	5000
忖	5001
溺	5002
癲	5003
竄	5004
襪	5005
媛	5006
阪	5007
俏	5008
扳	5009
垣	5010
闍	5011
禽	5012
雌	5013
鳶	5014
乜	5015
紜	5016
兢	5017
贅	5018
茜	5019
瀑	5020
瑣	5021
芥	5022
擱	5023
荼	5024
亨	5025
擢	5026
萍	5027
尉	5028
逮	5029
喂	5030
甫	5031
炙	5032
舔	5033
茹	5034
嶄	5035
禰	5036
筍	5037
拙	5038
籟	5039
酋	5040
庇	5041
緬	5042
雯	5043
垮	5044
撇	5045
霹	5046
敭	5048
邱	5049
唬	5050
幡	5051
舅	5052
鑼	5053
孰	5054
櫥	5055
蛙	5056
覓	5057
鞏	5058
淳	5059
勳	5060
擒	5061
繹	5062
渲	5063
拽	5064
噸	5065
苒	5066
黔	5067
燁	5068
嚥	5069
竇	5070
廖	5071
蔚	5072
哮	5073
陋	5074
戱	5075
旱	5076
嚼	5077
吶	5078
飆	5079
傘	5080
搗	5081
胱	5082
戮	5083
棗	5084
瓣	5085
崢	5086
悽	5087
遏	5088
鯊	5089
耽	5090
划	5091
譏	5092
舖	5093
袒	5094
睫	5095
苓	5096
涕	5097
婿	5098
禿	5099
趴	5100
慚	5101
祟	5102
汰	5103
匡	5104
焙	5105
哨	5106
稜	5107
哺	5108
餡	5109
琯	5110
占	5111
爻	5112
冀	5113
蹭	5114
征	5115
肋	5117
寇	5118
怯	5119
藻	5120
姥	5121
丞	5122
祀	5123
煥	5124
棧	5125
鈔	5126
寞	5127
暨	5128
惕	5129
吏	5130
謠	5131
暉	5132
扒	5133
懾	5134
恚	5135
趾	5136
釉	5137
嚕	5138
奠	5139
膛	5140
伶	5141
檻	5142
胚	5143
笛	5144
聶	5145
堤	5146
羈	5147
蛟	5148
貯	5150
湮	5152
淹	5153
朔	5154
訖	5155
蠅	5156
睿	5157
聆	5158
締	5159
苯	5160
禹	5161
畸	5162
羯	5163
沛	5164
璧	5165
疤	5166
嘀	5167
琢	5168
靂	5169
琉	5170
檳	5171
掐	5172
迸	5173
眩	5174
輒	5175
嘎	5176
咀	5177
晦	5178
妾	5179
哇	5180
窟	5181
斃	5182
橙	5183
踹	5184
鞦	5185
痿	5186
孽	5187
挾	5188
嘩	5189
窘	5190
閤	5191
芻	5192
邢	5193
迂	5194
粟	5195
僻	5196
嚷	5197
臀	5198
悸	5199
迄	5200
矇	5201
憚	5202
唄	5203
拇	5204
岑	5205
娩	5206
噓	5207
雍	5208
嗆	5209
壘	5210
恣	5211
熒	5212
嫻	5213
磐	5214
鸞	5215
邃	5216
夯	5217
瀰	5218
咐	5219
闇	5220
刁	5221
捺	5222
昕	5223
翡	5224
寥	5225
碴	5226
酮	5227
仝	5228
輦	5229
抉	5230
咄	5231
踴	5232
孺	5233
籽	5234
鈞	5235
叭	5236
愍	5237
犢	5238
崛	5239
諭	5240
搓	5241
痞	5242
奎	5243
訢	5244
捎	5245
盞	5246
晾	5247
伎	5248
甭	5249
渙	5250
菁	5251
妞	5252
癟	5253
幟	5254
緯	5255
汲	5256
雉	5257
嗜	5258
棘	5259
芋	5260
甯	5261
砌	5262
膊	5263
驍	5264
駿	5265
荏	5266
咆	5267
嬉	5268
鯉	5269
蜀	5270
睺	5271
鞍	5272
絮	5273
餃	5274
侈	5275
忿	5276
懊	5277
誡	5278
蠶	5279
彬	5280
俾	5281
澌	5282
彪	5283
侮	5284
剔	5285
渝	5286
啻	5287
釁	5288
榨	5289
弛	5290
緋	5291
轎	5292
菱	5293
咎	5294
庚	5295
蠱	5296
誨	5297
摺	5298
楷	5299
叩	5300
逍	5301
陞	5302
徙	5303
踝	5304
顱	5305
鉗	5306
餚	5307
鬍	5308
詠	5309
捍	5310
嘮	5311
偕	5312
萎	5313
蜘	5314
顔	5315
痺	5316
蔔	5317
辟	5318
陜	5319
醯	5320
喵	5321
滔	5322
猩	5323
暇	5324
綽	5325
豚	5326
輟	5327
晟	5328
蹦	5329
盔	5330
嗤	5331
台	5332
殲	5333
朦	5334
靴	5335
霖	5336
崑	5337
棵	5338
阱	5339
岔	5340
韭	5341
蝴	5342
飪	5343
藐	5344
睞	5345
媮	5346
鏽	5347
溼	5348
嚎	5349
蝸	5350
癱	5351
頹	5352
祐	5353
幢	5354
媧	5355
痢	5356
潢	5357
嘟	5358
噗	5359
粵	5360
啼	5361
狸	5362
珏	5363
拈	5364
坯	5365
朧	5366
勺	5367
摟	5368
緘	5369
凶	5370
敎	5371
苾	5372
砰	5373
鮑	5374
祛	5375
沂	5376
詹	5377
擂	5378
斌	5379
漾	5380
慫	5381
淆	5382
茉	5383
扉	5384
卉	5385
茵	5386
苛	5387
衚	5388
衞	5389
吭	5390
牒	5391
赦	5392
嬸	5393
沼	5394
戟	5395
瞿	5396
竿	5397
掰	5398
哆	5399
僚	5400
咚	5401
馭	5402
遽	5403
叨	5404
羌	5405
諫	5406
敕	5407
曖	5408
雛	5409
鬘	5410
倪	5411
迢	5412
褪	5413
敖	5414
嗦	5415
芭	5416
瞄	5417
躋	5418
噠	5419
綢	5420
獰	5421
扼	5422
鬭	5423
磋	5424
淒	5425
竺	5426
莘	5427
詰	5428
叟	5429
痠	5430
窒	5431
鑣	5432
嬭	5433
蹊	5434
銑	5435
寐	5436
榻	5437
抿	5438
鹵	5439
漓	5440
捻	5441
熨	5442
鏟	5443
捅	5444
蹺	5445
脛	5446
寅	5447
漱	5448
磊	5449
糠	5450
螞	5451
憫	5452
蟑	5453
婭	5454
骼	5455
拎	5456
僑	5457
弩	5458
靶	5459
薔	5460
妲	5461
貳	5462
耿	5463
贛	5464
鴿	5465
琰	5467
垠	5468
拐	5469
鈦	5470
嗷	5471
禧	5472
茬	5473
孬	5474
堯	5475
稠	5476
疵	5477
綸	5478
謐	5479
蔑	5480
膺	5481
黯	5482
璟	5483
猙	5484
螂	5485
蔭	5486
酶	5487
褐	5488
佇	5489
衲	5490
璨	5491
孚	5492
斟	5493
忒	5494
戾	5495
湃	5496
煽	5497
捱	5498
袂	5499
繙	5500
鉀	5501
顎	5502
墾	5503
芷	5504
竪	5505
黒	5506
噉	5507
駝	5508
熠	5509
罹	5510
龔	5511
燼	5512
柑	5513
邸	5514
埠	5515
翊	5516
俐	5517
濛	5518
芸	5519
鞠	5520
姦	5521
噁	5522
箏	5523
蛾	5524
奚	5525
齦	5526
沮	5527
榴	5528
焱	5529
糙	5530
訕	5531
羹	5532
帛	5533
繽	5534
壩	5535
吩	5536
淤	5537
詛	5538
倖	5539
囡	5540
嚨	5541
鉚	5542
誑	5543
睏	5544
杉	5545
捆	5546
樊	5547
滷	5548
匝	5549
茸	5550
嗒	5551
杞	5552
姍	5553
嵩	5554
圭	5555
瀚	5556
卯	5557
晌	5558
炳	5559
轅	5560
蹄	5561
綴	5562
嗔	5563
麒	5564
憊	5565
撩	5566
睃	5567
剌	5568
懟	5569
犖	5570
瘀	5571
璞	5572
柿	5573
塾	5574
嫡	5575
涎	5576
丨	5577
鉻	5578
岩	5579
胳	5580
丶	5581
箍	5582
巳	5583
蕊	5584
闞	5585
黛	5586
煜	5587
鈺	5588
臻	5589
褚	5590
琦	5591
柒	5592
忱	5593
殭	5594
惰	5595
儼	5596
譴	5597
吠	5598
嗯	5599
甦	5600
儉	5601
汀	5602
芹	5603
桓	5604
戊	5605
氈	5606
豺	5607
娟	5608
椿	5609
姝	5610
夙	5611
噤	5612
侖	5613
徊	5614
亙	5615
贍	5616
髏	5617
宓	5618
硃	5619
摻	5620
珀	5621
婬	5622
喎	5623
譁	5624
啃	5625
冽	5626
褒	5627
氓	5628
翟	5629
毓	5630
蕃	5631
燉	5632
瑚	5633
擷	5634
惋	5635
壬	5636
洹	5637
剿	5638
棕	5639
町	5640
琅	5641
毆	5642
笠	5643
燬	5644
柚	5645
朮	5646
覩	5647
戍	5648
隅	5649
谿	5650
俟	5651
絆	5652
衙	5653
羲	5654
迥	5655
槐	5656
裳	5657
拄	5658
扈	5659
飭	5660
欖	5661
淌	5662
淼	5663
凋	5664
惦	5665
簸	5666
滓	5667
瓏	5668
塢	5669
勅	5670
翕	5671
疚	5672
蕪	5673
喀	5674
壟	5675
糜	5676
屜	5677
桀	5678
狄	5679
梔	5680
膿	5681
眶	5682
恪	5683
昱	5684
畿	5685
霏	5686
姣	5687
弒	5688
牡	5689
祠	5690
鋇	5691
醃	5692
霓	5693
頜	5694
馴	5695
鞘	5696
虔	5697
狙	5698
歴	5699
綰	5700
猥	5701
妊	5702
滬	5703
悼	5704
奐	5705
殞	5706
殯	5707
愜	5708
蝨	5709
韜	5710
硒	5711
抒	5712
芩	5713
憨	5714
吝	5715
冕	5716
嵗	5717
憍	5718
匱	5719
酚	5720
傀	5721
瀕	5722
蓖	5723
唧	5724
閩	5725
狩	5726
誹	5727
呻	5728
噎	5729
燎	5730
洱	5731
諡	5732
鹼	5733
遴	5734
尅	5735
耨	5736
煖	5737
糯	5738
刨	5739
綺	5740
肛	5741
嘖	5742
祉	5743
懿	5744
丑	5745
杆	5746
橄	5747
烷	5748
餌	5749
娠	5750
恃	5751
諳	5752
吒	5753
汐	5754
慼	5755
猖	5756
棣	5757
礁	5758
憬	5759
冗	5760
箔	5761
郝	5762
蛀	5763
縯	5764
諗	5765
寮	5766
骰	5767
姒	5768
范	5769
撮	5770
崙	5771
値	5772
俘	5773
蟒	5774
匣	5775
歆	5776
桔	5777
匕	5778
狽	5779
硎	5780
峭	5781
瓔	5782
橢	5783
璽	5784
孵	5785
惚	5786
囫	5787
圇	5788
鑲	5789
嘰	5790
剃	5791
鈑	5792
嘍	5793
岐	5794
瞑	5795
闌	5796
煲	5797
祗	5798
悵	5799
愷	5800
慳	5801
魘	5802
攥	5803
殉	5804
溟	5805
唏	5806
鉄	5807
閙	5808
凳	5809
楠	5810
蛤	5811
戌	5812
隘	5813
諂	5814
噢	5815
狡	5816
梧	5817
鸚	5818
幗	5819
泠	5820
嗨	5821
珞	5822
鳩	5824
藕	5825
頤	5826
謁	5827
髦	5828
掣	5829
驪	5830
藜	5831
饗	5832
儡	5833
酣	5834
歩	5835
漩	5836
搐	5837
桅	5838
緝	5839
驛	5840
吱	5841
芍	5842
緹	5843
羸	5844
謔	5845
峙	5846
烙	5847
隂	5848
鬟	5849
粽	5850
敝	5851
酉	5852
莢	5853
眺	5854
陝	5855
侄	5856
嗟	5857
墩	5858
翎	5859
鵠	5860
涮	5861
卽	5862
侃	5863
玥	5864
饕	5865
渭	5866
忡	5867
哂	5868
槳	5869
觴	5870
蘑	5871
札	5872
殛	5873
鐲	5874
痙	5875
悖	5876
癖	5877
饅	5878
喒	5879
賸	5880
珂	5881
蠕	5882
鶯	5883
綦	5884
毗	5885
芮	5886
毎	5887
鎳	5888
荔	5889
禎	5891
鄂	5892
憧	5894
溉	5895
壅	5896
濡	5897
戸	5898
嗖	5899
沽	5900
諶	5901
瞰	5902
殃	5903
靳	5904
賑	5905
綵	5906
砲	5907
畝	5908
喳	5909
紳	5910
嘈	5911
癸	5912
紊	5913
葩	5914
漪	5915
褶	5916
胰	5917
曳	5918
杵	5919
鄒	5920
黝	5921
榔	5922
欸	5923
疙	5924
葦	5925
睬	5926
噱	5927
掖	5928
踅	5929
褂	5930
瞠	5931
蹉	5932
甕	5933
颱	5934
緲	5935
腮	5936
矜	5937
烽	5938
繭	5939
籙	5940
婪	5941
譫	5942
鮭	5943
宕	5944
皈	5945
録	5946
畀	5947
囪	5948
簇	5949
饞	5950
懦	5951
鱉	5952
釦	5953
滸	5954
濰	5955
鼕	5956
颯	5957
鎧	5958
榆	5959
菴	5960
霾	5961
鷲	5962
藩	5963
瘩	5964
璀	5965
蝠	5966
耦	5967
槼	5968
瑯	5969
菽	5970
瞼	5971
逞	5972
稔	5973
螃	5974
脇	5975
斫	5976
孜	5977
摳	5978
阜	5979
浚	5980
絢	5981
腋	5982
鄺	5983
妓	5984
賡	5985
晤	5986
菠	5987
搦	5988
埵	5989
貽	5990
笙	5991
痊	5992
鏘	5993
撻	5994
筱	5995
璋	5996
儞	5997
舶	5998
粲	5999
眥	6000
攢	6001
餾	6002
儂	6003
邨	6004
淄	6005
絀	6006
摒	6007
倣	6008
葷	6009
汚	6010
筏	6011
繚	6012
磯	6013
么	6014
刂	6015
喟	6016
銖	6017
栩	6018
懣	6019
忐	6020
忑	6021
噌	6022
摹	6023
鄔	6024
嫦	6025
纓	6026
錠	6027
虜	6028
纂	6029
錳	6030
紓	6031
黌	6032
僉	6033
戛	6034
腠	6035
炷	6036
鯽	6037
賄	6038
枸	6039
衢	6040
拏	6041
咫	6042
疎	6043
丐	6044
珈	6045
鎢	6046
挈	6047
捶	6048
襟	6049
檗	6050
蔗	6051
饑	6052
繕	6053
襍	6054
鉸	6055
槌	6056
叱	6057
抨	6058
瀨	6059
篆	6060
舜	6061
髻	6062
翳	6063
涇	6064
攣	6065
偃	6066
蜥	6067
弭	6068
柺	6069
蕆	6070
芊	6071
栗	6072
痔	6073
啾	6074
纒	6075
庵	6076
慷	6077
睪	6078
趺	6079
硼	6080
庖	6081
黓	6082
瀆	6083
縹	6084
逕	6085
踰	6086
迨	6087
唉	6088
燜	6089
擯	6090
暱	6091
屹	6092
骷	6093
閔	6094
婧	6095
璐	6096
厝	6097
犁	6098
遶	6099
曙	6100
唳	6101
毱	6102
尙	6103
惻	6104
糰	6105
坍	6106
鱷	6107
滙	6108
鵡	6109
摁	6110
鵲	6111
擘	6112
忻	6113
撃	6114
寛	6115
蚤	6116
麾	6118
跺	6119
硯	6120
瘍	6121
颼	6122
塚	6124
惺	6125
侏	6126
掇	6127
稷	6128
窖	6129
楔	6130
甥	6131
辤	6132
炯	6133
囤	6134
滕	6135
帚	6136
皿	6137
塋	6138
駒	6139
揆	6140
癜	6141
鯤	6142
碘	6143
傚	6144
渚	6145
紥	6146
唆	6147
嗑	6148
篡	6149
琵	6150
惘	6151
飩	6152
儷	6153
瑋	6154
茯	6155
冢	6156
蟾	6157
誣	6158
樽	6159
宦	6160
嗥	6161
痣	6162
澗	6163
蟄	6164
隴	6165
鼾	6166
炊	6167
饃	6168
頡	6169
拗	6170
樵	6171
膾	6172
祺	6173
霽	6174
攙	6175
蹬	6176
搪	6177
魷	6178
箐	6179
蝙	6180
皎	6181
醐	6182
閼	6183
岌	6184
翱	6185
耑	6186
垛	6187
咔	6188
蹋	6189
墒	6190
簷	6191
蚵	6192
悻	6193
餛	6194
彝	6195
綏	6196
窈	6197
柬	6198
漳	6199
箴	6200
匈	6201
瓢	6202
脲	6203
圃	6204
廿	6205
徴	6206
縈	6207
搔	6208
湍	6209
曷	6210
珝	6211
詡	6212
嗶	6213
旃	6214
胥	6215
褥	6216
逵	6217
淸	6218
芤	6219
樺	6220
絳	6221
皙	6222
岳	6223
飈	6224
瘓	6225
醍	6226
鮪	6227
滎	6228
髀	6229
跎	6230
鏤	6231
馥	6232
憩	6233
莠	6234
笈	6235
耙	6236
噔	6237
蚌	6238
疝	6239
閡	6240
鐮	6242
贓	6243
嬴	6244
呃	6245
殤	6246
瀺	6247
蚣	6248
堦	6249
閹	6250
礫	6251
癰	6252
潦	6253
胛	6254
妣	6255
蔻	6256
籬	6257
漣	6258
礪	6259
氖	6260
騶	6261
醣	6262
奄	6263
踞	6264
獼	6265
嚓	6266
翌	6267
裘	6268
紺	6269
跆	6270
鬃	6271
鄕	6272
綫	6273
菓	6274
涓	6275
騐	6276
黢	6277
屌	6278
呑	6279
甌	6280
懃	6281
雋	6282
蘸	6283
奘	6285
馗	6286
胝	6287
蓆	6288
胄	6289
喋	6290
獷	6291
獠	6292
榷	6293
帷	6294
隣	6295
曄	6296
鋯	6297
嗝	6298
玖	6299
鴛	6300
鴦	6301
蜈	6302
甞	6303
矸	6304
聵	6305
渉	6306
舵	6307
泗	6308
誒	6309
怙	6310
嫵	6311
髑	6312
撬	6313
骯	6314
擄	6315
囔	6316
琶	6317
豸	6318
氐	6319
攘	6320
啄	6321
伕	6322
佉	6323
佣	6324
弔	6325
壢	6326
濮	6327
丼	6328
謨	6329
枷	6330
麩	6331
燹	6332
嚏	6333
閭	6334
邯	6335
窳	6336
涸	6337
脯	6338
鉑	6339
熹	6340
剁	6341
腱	6342
佞	6343
譎	6344
嚙	6345
掬	6346
肱	6347
蟠	6348
汛	6349
癇	6350
峨	6351
罈	6352
蛔	6353
潼	6354
樟	6355
餒	6356
掂	6357
邇	6358
諝	6359
暍	6360
茗	6361
擻	6362
錮	6363
餬	6364
鄲	6365
軔	6366
馱	6367
巒	6368
櫱	6369
俬	6370
黠	6371
蜒	6372
罄	6373
琥	6374
閲	6375
獬	6376
幌	6377
煒	6378
祚	6379
鐸	6380
瑙	6381
醞	6382
麴	6383
轂	6384
蕓	6385
蠔	6386
猷	6387
玷	6388
靄	6389
肽	6390
鄴	6391
荃	6392
朴	6393
柰	6394
斛	6395
糬	6396
恤	6397
昀	6398
嫖	6399
臏	6400
臼	6401
捫	6402
燔	6403
仟	6404
梆	6405
吁	6406
鑾	6407
鐺	6408
爰	6409
諄	6410
頼	6411
倭	6412
霤	6413
齣	6414
堰	6415
紉	6416
觝	6417
慍	6418
揖	6419
枘	6420
汞	6421
綾	6422
啜	6423
澁	6424
訐	6425
螭	6426
瀛	6427
醚	6428
俸	6429
鑠	6430
丕	6431
嬈	6432
踟	6433
亳	6434
啖	6435
徘	6436
賛	6437
嵬	6438
瀋	6439
僥	6440
邈	6441
珩	6442
蹌	6443
麤	6444
欝	6445
絹	6446
稈	6447
吮	6448
紈	6449
虺	6450
獗	6451
沓	6452
汾	6453
簪	6454
賂	6455
磺	6456
遑	6457
瀘	6458
睢	6459
疸	6460
羿	6461
粱	6462
賅	6463
臧	6464
衄	6465
肓	6466
嬾	6467
躕	6468
徇	6469
詬	6470
隍	6471
盅	6472
媲	6473
赧	6474
鬪	6475
妤	6476
鈾	6477
氬	6478
豉	6479
鐫	6480
麓	6481
襠	6482
咸	6483
菡	6484
硨	6485
坂	6486
杳	6487
瘂	6488
珮	6489
緇	6490
渇	6491
咂	6492
幷	6493
賁	6494
諺	6495
孿	6496
叵	6497
粳	6498
鰭	6499
簌	6500
囍	6501
鰻	6502
旌	6503
齲	6504
耘	6505
踉	6506
焗	6507
勛	6508
蹴	6509
裨	6510
坷	6511
忉	6512
閾	6513
暄	6514
檜	6515
盎	6516
羚	6517
謖	6518
鰍	6519
稼	6520
汕	6521
蝟	6522
愴	6523
筠	6524
薈	6525
覲	6526
撚	6527
喙	6528
閏	6529
牴	6530
瘕	6531
脘	6532
蕁	6533
蹩	6534
于	6535
矗	6536
罸	6537
煅	6538
蟮	6539
猾	6540
倔	6541
砥	6542
腩	6543
偌	6544
砧	6545
芎	6546
眈	6547
瘉	6548
褻	6549
趄	6550
薨	6551
郢	6552
溈	6553
鎚	6554
薅	6555
釬	6556
楨	6557
迺	6558
恒	6559
磣	6560
仄	6561
擼	6562
驥	6563
漉	6564
胯	6565
杲	6566
轆	6567
攆	6568
鶩	6569
斕	6570
玨	6571
咻	6572
袱	6573
乒	6574
婊	6575
怛	6576
佯	6577
謾	6578
揵	6579
秖	6580
裟	6581
伉	6582
搆	6583
掄	6584
捋	6585
晁	6586
瀅	6587
寤	6588
闃	6589
齙	6590
煦	6591
藿	6592
氰	6593
辮	6594
楂	6595
氾	6596
冪	6597
忪	6598
婕	6599
讖	6600
躇	6601
雹	6602
炁	6603
噦	6604
忤	6605
顙	6606
嚀	6607
叼	6608
蒿	6609
孢	6610
蠣	6611
眭	6612
皰	6613
炕	6614
埕	6615
沅	6616
藹	6617
藺	6618
娼	6619
絝	6620
颶	6621
窿	6622
唑	6623
粑	6624
柢	6625
癘	6626
妘	6627
罣	6628
喁	6629
鵑	6630
騖	6631
殍	6632
筵	6633
瞟	6634
榭	6635
躊	6636
嘭	6637
箬	6638
怵	6639
嗇	6640
劾	6641
犍	6642
吖	6643
哢	6644
仞	6645
縝	6646
坨	6647
衊	6648
磥	6649
曩	6650
桁	6651
偸	6652
袈	6653
賒	6654
拷	6655
氙	6656
盥	6657
窣	6658
秸	6659
窕	6660
攞	6661
鷗	6662
扞	6663
疣	6664
峪	6665
饉	6666
鏗	6667
悴	6668
祧	6669
颳	6670
簫	6671
欒	6672
剮	6673
餮	6674
畛	6675
枳	6676
蠹	6677
庾	6678
篋	6679
戕	6680
顴	6681
錙	6682
謚	6683
晩	6684
蕎	6685
枱	6686
閆	6687
榕	6688
蹇	6689
桎	6690
梏	6691
怦	6692
嬪	6693
騾	6694
窪	6695
郷	6696
澇	6697
齎	6698
懋	6699
蟎	6700
惴	6701
壑	6702
哐	6703
佰	6704
慵	6705
儆	6706
罌	6707
氳	6708
滂	6709
葆	6710
跏	6711
筐	6712
腓	6713
悋	6714
皋	6715
貉	6716
嶸	6717
揄	6718
髫	6719
惛	6720
荀	6721
汶	6722
俑	6723
楣	6724
僮	6725
鷺	6726
氦	6727
蹂	6728
衕	6729
烴	6730
蚩	6731
貔	6732
濯	6733
蝗	6734
剽	6735
箕	6736
瘠	6737
剷	6738
麇	6739
汴	6740
鞅	6741
恫	6742
紂	6743
秧	6744
跤	6745
逅	6746
奬	6747
顒	6748
鍥	6749
璿	6750
壕	6751
螻	6752
鉾	6753
夔	6754
哽	6755
銨	6756
瘙	6757
彗	6758
貂	6759
緞	6760
嶔	6761
哧	6762
誚	6763
塹	6764
憒	6765
詆	6766
渤	6767
嗲	6768
妬	6769
艮	6770
劊	6771
餉	6772
痧	6773
孑	6774
麝	6775
蚯	6776
溴	6777
臊	6778
謅	6779
漕	6780
吋	6781
旻	6782
箋	6783
溲	6784
僭	6785
覃	6786
噫	6787
皖	6788
歃	6789
鬣	6790
箝	6791
瑛	6792
韁	6793
耷	6794
仃	6795
訥	6796
晞	6797
嚩	6798
茱	6799
殄	6800
几	6801
譃	6802
牘	6803
遛	6804
鋤	6805
揩	6806
躉	6807
軾	6808
冑	6809
羧	6810
珺	6811
潺	6812
逯	6813
嫿	6814
溘	6815
慟	6816
廨	6817
騁	6818
榫	6819
黍	6820
諛	6821
翦	6822
姪	6823
橛	6824
俎	6825
韆	6826
潞	6827
旣	6828
岱	6829
潯	6830
詿	6831
琿	6832
氤	6833
躪	6834
蟆	6835
饜	6836
粕	6837
砭	6838
怫	6839
髎	6840
璇	6841
薏	6842
嫋	6843
邋	6844
遢	6845
闈	6846
呲	6847
霈	6848
糅	6849
吆	6850
徨	6851
嘞	6852
潁	6853
熵	6854
倨	6855
烊	6856
厠	6857
螄	6858
濠	6859
攫	6860
葎	6861
呉	6862
袤	6863
幀	6864
俚	6865
聒	6866
臚	6867
逋	6868
躡	6869
籮	6870
圜	6871
鯖	6872
辳	6873
叻	6874
陂	6875
侑	6876
繒	6877
欷	6878
呎	6879
嶇	6880
釹	6881
窠	6882
鐧	6883
礬	6884
叡	6885
櫛	6886
喑	6887
跛	6888
蠡	6889
牖	6890
丰	6891
羔	6892
鈷	6893
欞	6894
旮	6895
猊	6896
趲	6897
邂	6898
盍	6899
虯	6900
乓	6901
苞	6902
莆	6903
焯	6904
孱	6905
渥	6906
赳	6907
唰	6908
磡	6909
兗	6910
圮	6911
鎭	6912
蘗	6913
琊	6914
撅	6915
薷	6916
鶉	6917
匾	6918
鰲	6919
詼	6920
唵	6921
瑠	6922
斡	6923
躥	6924
歔	6925
腆	6926
罅	6927
鴟	6928
硿	6929
菏	6930
怏	6931
噙	6932
涙	6933
謫	6934
豢	6935
艨	6936
慇	6937
爗	6938
顥	6939
釧	6940
蜱	6941
炔	6942
喆	6943
鰩	6944
蹠	6945
艸	6946
澧	6947
浼	6948
獺	6949
囀	6950
鞓	6951
攛	6952
滇	6953
鬮	6954
淖	6955
鬢	6956
砷	6957
薊	6958
鈅	6959
兎	6960
鏇	6961
涪	6962
磧	6963
佟	6964
偎	6965
鴇	6966
惆	6967
蚰	6968
郴	6969
瞌	6970
宥	6971
吽	6972
魈	6973
汩	6974
岫	6975
鱸	6976
埸	6977
跫	6978
酈	6979
歿	6980
詈	6981
獾	6982
煨	6983
菀	6984
櫚	6985
驤	6986
嫗	6987
荽	6988
饌	6989
芾	6990
澹	6991
儻	6992
娣	6993
靦	6994
帑	6995
氷	6996
挍	6997
舐	6998
腈	6999
鋌	7000
苷	7001
齁	7002
葸	7003
覔	7004
蚓	7005
芡	7006
琮	7007
愆	7008
泓	7009
孛	7010
猻	7011
騫	7012
鍇	7013
輅	7014
万	7015
銬	7016
誾	7017
屣	7018
驁	7019
誆	7020
衩	7021
讎	7022
磬	7023
櫬	7024
郁	7025
癩	7026
寔	7027
醴	7028
疽	7029
瞽	7030
啕	7031
臬	7032
鼈	7033
噶	7034
裱	7035
碓	7036
娯	7037
拊	7038
杰	7039
瓿	7040
噥	7041
俳	7042
埒	7043
甬	7044
搽	7045
齟	7046
闥	7047
諞	7048
鼬	7049
坻	7050
滁	7051
趑	7052
碇	7053
蠲	7054
驊	7055
媾	7056
嗢	7057
舷	7058
溏	7059
嚶	7060
掊	7061
盂	7063
謄	7064
侘	7065
剜	7066
捩	7067
歛	7068
桕	7069
蹣	7070
晗	7071
軫	7072
劵	7073
魍	7074
倥	7075
胭	7076
枇	7077
潟	7078
猢	7079
燄	7080
佶	7081
蛹	7082
苣	7083
瘥	7084
弋	7085
洺	7086
橇	7087
葺	7088
髯	7089
鉭	7090
茁	7091
貅	7092
翫	7093
姟	7094
痼	7095
溥	7096
虻	7097
跗	7098
堝	7099
睨	7100
琺	7101
邛	7102
砼	7103
銓	7104
芫	7105
蛭	7106
撂	7107
坩	7108
撔	7109
囿	7110
雒	7111
晡	7112
鞞	7113
贄	7114
蜃	7115
煬	7116
釅	7118
鑊	7119
淙	7120
鎊	7121
犒	7122
鎌	7123
遨	7124
憙	7125
啵	7127
睆	7128
讒	7129
猗	7130
聿	7131
剉	7132
尸	7133
肄	7134
煊	7135
蜿	7136
齧	7137
蜴	7138
蜢	7139
倌	7140
醺	7141
嶠	7142
鵰	7143
酢	7144
瞇	7146
槤	7147
笆	7148
憔	7149
諏	7150
傯	7151
杷	7152
昶	7153
瘸	7154
煗	7155
堊	7156
哞	7157
鄢	7158
釩	7159
犄	7160
哏	7161
軛	7162
眄	7163
陟	7164
醪	7165
腧	7166
嗌	7167
膂	7168
彧	7169
璣	7170
沱	7171
瑄	7172
仸	7173
兊	7174
幔	7175
栴	7176
旯	7177
齜	7178
迤	7179
噲	7180
徜	7181
氪	7182
靑	7183
愀	7184
粧	7185
匍	7186
揸	7187
嘌	7188
浹	7189
煇	7190
萵	7191
藪	7192
鱈	7193
逄	7194
拮	7195
呤	7196
躚	7197
撣	7198
瘁	7199
縟	7200
鎬	7201
楯	7202
綑	7203
刈	7204
楽	7205
槨	7206
悒	7207
艟	7208
孳	7209
啷	7210
蓁	7211
卅	7212
徠	7213
鏖	7214
軼	7215
愫	7216
陬	7217
頴	7218
庥	7219
揶	7220
萇	7221
訌	7222
嶗	7223
棹	7224
贗	7225
魎	7226
襖	7227
胍	7228
樨	7229
餑	7230
媺	7231
逡	7232
柩	7233
蓯	7234
纈	7235
昴	7236
拶	7237
燧	7238
鍰	7239
巽	7240
燊	7242
栝	7243
閎	7244
亓	7245
皴	7246
蕨	7247
蒻	7248
汎	7249
躄	7250
扦	7251
恿	7252
弼	7253
賾	7254
瘛	7255
蜷	7256
毖	7257
篾	7258
漚	7259
誥	7260
勣	7261
琇	7262
釵	7263
銼	7264
擣	7265
擐	7266
劬	7267
墉	7268
埤	7269
槭	7270
帙	7271
徉	7272
鷙	7273
橐	7274
匐	7275
洄	7276
燾	7277
邕	7278
粿	7279
饈	7280
觚	7281
餸	7282
苫	7284
娬	7285
贔	7286
鵪	7287
鯛	7288
櫓	7289
叄	7290
弁	7291
諤	7292
廕	7293
吡	7294
槁	7295
覿	7296
鏜	7297
迓	7298
傖	7299
僖	7300
蒡	7301
嘹	7302
蓑	7303
暹	7304
巿	7305
諼	7306
訾	7307
惇	7308
綬	7309
傺	7310
糗	7311
瓤	7312
黜	7313
鎩	7314
鱔	7315
杓	7316
燴	7317
茍	7318
洮	7319
萸	7320
婇	7321
囹	7322
圄	7323
禺	7324
蕅	7325
沏	7326
蒟	7327
褸	7328
侗	7329
佻	7330
禳	7331
鈹	7332
尻	7333
侔	7334
餿	7335
笞	7336
誶	7337
痤	7338
嶂	7339
佃	7340
罽	7341
鴆	7342
圩	7343
沭	7344
咲	7345
觳	7346
鎏	7347
瓴	7348
泔	7349
浜	7350
鯰	7351
唁	7353
齬	7354
荻	7355
瘳	7356
寳	7357
隷	7358
悱	7359
貎	7360
榛	7361
蛆	7362
蓼	7363
嫚	7364
嶙	7365
峋	7366
傕	7367
餞	7368
袌	7369
袪	7370
悕	7371
淅	7372
貍	7373
薌	7374
碉	7375
晷	7376
齪	7377
泮	7379
鐗	7380
詎	7381
傣	7382
灝	7383
夸	7384
菖	7385
戩	7386
躂	7387
錬	7388
淞	7389
緜	7390
菈	7391
咭	7392
驃	7393
詁	7394
鋻	7395
鉬	7396
麂	7397
跚	7398
癬	7399
燠	7400
涔	7401
隼	7402
鑚	7403
酐	7404
閽	7405
嬛	7406
澠	7407
鈮	7408
碁	7409
趔	7410
囧	7411
査	7412
摶	7413
潅	7414
揑	7415
僊	7416
銚	7417
蓽	7418
挿	7419
垚	7420
塬	7421
襤	7422
闋	7423
撾	7424
溱	7425
臑	7426
顳	7427
篁	7428
拴	7429
徭	7430
訏	7431
睘	7432
咿	7433
蛉	7434
竦	7435
餽	7436
苿	7437
欹	7438
貲	7439
呷	7440
蹶	7441
庠	7442
諠	7443
呸	7444
巋	7445
逭	7446
瀧	7447
囁	7448
羥	7449
佘	7450
眇	7451
秣	7452
莧	7453
湄	7454
靨	7455
暦	7456
拕	7457
蜉	7458
鴕	7459
歗	7460
酧	7461
洙	7462
矍	7463
畋	7464
阡	7465
牯	7466
鸝	7467
讅	7468
碸	7469
緑	7470
粼	7471
鎔	7472
邳	7473
髖	7474
莒	7475
蓓	7476
曡	7477
甎	7478
蹧	7479
姷	7480
鑭	7481
諉	7482
茴	7483
忸	7484
郗	7485
殂	7486
羼	7487
璉	7488
蕙	7489
舀	7490
蚱	7491
褫	7492
羂	7493
虗	7494
劭	7495
窓	7496
琬	7497
儔	7498
縊	7499
菅	7500
囝	7501
薴	7502
郫	7503
擀	7504
媞	7505
葳	7506
蔞	7507
樅	7508
筮	7509
謇	7510
覰	7511
鈿	7512
樾	7513
啐	7514
苽	7515
筌	7516
膕	7517
膻	7518
攖	7519
釗	7520
夂	7521
摵	7522
鰼	7523
酗	7524
駙	7525
龕	7526
鑪	7527
慪	7528
仨	7529
鑛	7530
迕	7531
鸛	7532
糝	7533
愔	7534
衾	7535
謳	7536
蔫	7537
賚	7538
倬	7539
韞	7540
飴	7541
缾	7542
鐐	7543
灃	7544
搡	7545
笥	7546
沔	7547
藶	7548
僂	7549
芰	7550
珅	7551
譟	7552
苡	7553
彀	7554
厴	7555
赭	7556
覬	7557
虢	7558
圉	7559
秕	7560
齷	7561
禕	7562
湫	7563
貺	7564
躒	7565
吔	7566
誄	7567
鯢	7569
椽	7570
縐	7571
匭	7572
桉	7574
祜	7575
鈎	7576
蘅	7577
霑	7578
彊	7579
簣	7580
硌	7581
葢	7582
蜆	7583
鸕	7584
崧	7585
峇	7586
繖	7587
韙	7588
繇	7589
芃	7590
浣	7591
篙	7592
珪	7593
鞫	7594
瘮	7595
犇	7596
喌	7597
櫫	7598
堀	7599
蜓	7600
逈	7601
夤	7602
洌	7603
摞	7604
喏	7605
洎	7606
牂	7607
冼	7608
籓	7609
苻	7610
蜚	7611
砝	7612
岬	7613
胴	7614
皚	7615
児	7616
鴰	7617
諢	7618
鞝	7619
悑	7620
啑	7621
扠	7622
崁	7623
虓	7624
懍	7625
昉	7626
魕	7627
篝	7629
魑	7630
疋	7631
鄣	7632
廩	7633
愎	7634
躓	7635
癆	7636
瘵	7637
囟	7638
瘲	7639
腨	7640
牾	7641
㑊	7642
痃	7643
頏	7644
骶	7645
綉	7646
鷓	7647
黧	7648
礱	7649
舂	7650
槿	7651
襬	7652
敫	7653
碭	7654
挲	7655
鳧	7656
螟	7657
餈	7658
佤	7659
遝	7660
碣	7661
鄞	7662
簍	7663
隗	7664
緗	7665
鷄	7666
鉉	7667
蛐	7668
钁	7669
摑	7670
耄	7671
鐓	7672
姸	7673
耒	7674
廄	7675
旖	7676
崞	7677
潸	7678
湎	7679
偟	7680
頦	7681
呋	7682
蚍	7683
萑	7684
掮	7685
嘁	7686
砟	7687
譙	7689
埂	7690
譭	7691
蓧	7692
讞	7693
羶	7694
陲	7695
薫	7696
婺	7697
嶮	7698
涌	7699
咴	7700
屓	7701
儹	7702
撳	7703
璺	7704
枰	7705
従	7706
酤	7707
屄	7708
餧	7709
穰	7710
輜	7711
嵇	7712
閦	7713
髂	7714
髕	7715
怩	7716
麄	7717
愼	7718
媵	7719
嬗	7720
嬲	7721
尠	7722
効	7723
笪	7724
捌	7725
硐	7726
箜	7727
櫸	7728
敍	7729
膦	7730
梠	7731
艫	7732
乩	7733
蜻	7734
銥	7735
詘	7736
卹	7737
橈	7738
熏	7739
偛	7740
淀	7741
懡	7742
儺	7744
宄	7745
麯	7746
熑	7747
疳	7748
餼	7749
燋	7750
蜍	7751
藁	7752
穸	7753
熅	7754
娖	7755
抻	7756
楮	7757
酆	7758
餳	7759
氹	7760
螯	7761
洟	7762
閂	7763
余	7764
朙	7765
綳	7766
兕	7767
鋭	7768
坳	7769
嗄	7770
囘	7771
玆	7772
搴	7773
梃	7774
悗	7775
飧	7776
痏	7777
郄	7778
檄	7779
鎘	7780
椴	7781
鴣	7782
濂	7783
縉	7784
虼	7785
涿	7786
逶	7787
鱟	7788
孥	7789
佗	7790
褘	7791
鋥	7792
埼	7793
坌	7794
嘬	7795
豌	7796
勗	7797
湔	7798
蘚	7799
獐	7800
搥	7801
搯	7802
薜	7803
儈	7804
狎	7805
踮	7806
恧	7807
睒	7808
縭	7809
鶻	7810
鬩	7811
駟	7812
縞	7813
齰	7814
氅	7815
臃	7816
婀	7817
倀	7818
溧	7819
臠	7820
堃	7821
鷸	7822
徧	7823
溷	7824
驒	7825
毐	7826
覦	7827
罨	7828
鷳	7829
氡	7830
蚪	7831
羝	7832
鉞	7833
峴	7834
獃	7835
陘	7836
孀	7837
郅	7838
髭	7839
椀	7840
寃	7841
皸	7842
岢	7843
葭	7844
蒺	7845
膬	7846
箸	7847
褔	7848
盹	7849
囗	7850
貜	7851
娮	7853
殪	7854
麋	7855
撝	7856
湟	7857
鄖	7858
疰	7859
円	7860
瘜	7861
屙	7862
苄	7863
痲	7864
蝌	7865
蜎	7866
盱	7867
穡	7868
婥	7869
湉	7870
顗	7871
揎	7872
韃	7873
鑷	7874
痱	7875
据	7876
卮	7877
苕	7878
呰	7879
屐	7880
懨	7881
蒯	7882
砣	7883
佴	7884
誵	7885
蟀	7886
寍	7887
瑗	7888
崤	7889
鋈	7891
鯡	7892
饍	7893
痾	7894
裩	7895
劦	7896
蔟	7897
杌	7898
硏	7899
坼	7900
蜊	7901
艋	7902
挎	7903
衿	7904
鶖	7905
堺	7906
圊	7907
蘧	7908
鰹	7909
軲	7910
闐	7911
肏	7912
奼	7913
囈	7914
郜	7915
戧	7916
摃	7917
澼	7918
狴	7919
犴	7920
鎋	7921
恂	7922
仆	7924
撙	7925
粖	7926
膹	7927
焫	7928
犛	7929
瘻	7930
繾	7931
綣	7932
襦	7933
髙	7934
撁	7935
爇	7936
箢	7937
呶	7938
咣	7939
黿	7940
裾	7941
嫘	7942
釷	7943
噵	7944
遘	7945
瘞	7946
涒	7947
褓	7949
伢	7950
棖	7951
讋	7952
艿	7953
葹	7954
汨	7955
翬	7956
挹	7957
楹	7958
躑	7959
躅	7960
惲	7961
饘	7962
蒴	7963
髁	7964
黽	7965
殳	7966
仉	7967
皠	7968
銃	7969
蕞	7970
睚	7971
偭	7972
煸	7973
稹	7974
觫	7975
幎	7976
遒	7977
碚	7978
廡	7979
苜	7980
蓿	7981
櫧	7982
檎	7983
皐	7984
颺	7985
櫟	7986
戇	7987
恝	7988
忝	7989
罟	7990
汆	7991
篪	7992
袊	7993
湣	7994
鄱	7995
悛	7996
蘄	7997
膘	7998
崴	7999
筲	8000
跓	8001
悌	8002
鎦	8003
醎	8004
栲	8005
紇	8006
鉂	8007
雝	8008
淶	8009
薺	8010
旎	8011
偁	8012
艽	8013
哌	8014
摽	8015
韉	8017
嘸	8018
浝	8019
漶	8021
嵋	8022
嗪	8023
関	8024
椹	8025
蛺	8026
輓	8027
軻	8028
経	8029
秭	8030
袨	8031
俅	8032
刖	8033
孖	8034
倮	8035
螓	8036
櫝	8037
焓	8038
峒	8039
茭	8040
彖	8041
撠	8042
錕	8043
槎	8044
譌	8045
蟋	8046
叒	8047
叕	8048
抆	8049
鉦	8050
癯	8051
羆	8052
泆	8053
黐	8054
簟	8055
様	8056
娉	8057
泱	8058
浀	8059
靼	8060
粢	8061
杅	8062
葶	8063
糲	8064
隹	8065
渧	8066
檣	8067
毬	8068
笳	8069
蟣	8070
眙	8071
邾	8072
黶	8073
趿	8074
稞	8075
閿	8076
豊	8077
沴	8078
埴	8080
澍	8081
欏	8082
璫	8083
帔	8084
舄	8085
泐	8086
鏌	8087
齏	8088
糨	8089
詒	8090
粯	8091
牝	8092
窰	8093
姳	8094
裊	8095
胔	8096
麨	8097
銪	8098
螫	8099
厃	8100
蕈	8101
兪	8102
濶	8103
魟	8104
蠆	8105
垵	8106
曚	8107
陙	8108
餱	8109
筧	8110
歙	8112
癧	8113
杼	8114
瘢	8115
扃	8116
睥	8117
巰	8118
荖	8119
皟	8120
芟	8121
辧	8122
葑	8123
竽	8124
漯	8125
皷	8126
搋	8127
頞	8128
愾	8129
紘	8130
誐	8131
踫	8132
龘	8133
斔	8134
眲	8135
觥	8136
嘵	8137
濘	8138
鬻	8139
拝	8140
蜇	8141
錍	8142
舁	8143
鷥	8145
臢	8146
瑀	8147
巘	8148
秈	8149
躐	8150
簭	8151
踔	8152
湓	8153
舢	8154
瀠	8155
娪	8156
灤	8157
熳	8158
癤	8159
揠	8160
羢	8161
謩	8162
諑	8163
揈	8164
敺	8165
愋	8166
撘	8167
饔	8168
顓	8169
糶	8170
旄	8171
俛	8172
楸	8173
佝	8174
縲	8175
浄	8176
蘢	8177
鍶	8178
呬	8179
耋	8180
珥	8181
楝	8182
皦	8183
莨	8184
菪	8185
睉	8186
隠	8187
皬	8188
狷	8189
鎵	8190
妺	8191
墑	8192
屨	8193
舫	8194
礓	8195
儾	8196
膱	8197
浾	8198
芪	8199
舳	8201
瓠	8202
鋟	8203
紵	8204
蒹	8205
綹	8206
肼	8207
鶘	8208
轡	8210
黷	8211
芏	8212
鄆	8213
涑	8214
蚖	8215
洳	8216
襻	8217
暘	8218
妗	8219
厔	8220
楙	8221
酊	8222
閜	8223
尐	8224
杪	8225
彫	8226
鯁	8227
蚜	8228
啿	8229
憷	8230
痂	8231
倜	8232
雎	8233
飥	8234
璝	8235
麧	8236
吿	8238
聛	8239
嘜	8240
篌	8241
筑	8242
莪	8243
饢	8244
齩	8245
墀	8246
簞	8247
亍	8248
萁	8249
桴	8250
讙	8251
邐	8252
舘	8253
殮	8254
獒	8255
縴	8256
槺	8257
鰜	8258
痍	8259
荳	8260
姉	8261
靛	8262
砦	8263
蚺	8264
犼	8265
暸	8267
帀	8270
篥	8271
魃	8272
榱	8273
薹	8274
欻	8275
獫	8276
酺	8277
騭	8278
繍	8279
悃	8280
髴	8281
祻	8282
姶	8283
袷	8284
眱	8285
騃	8286
髠	8287
瞀	8289
枋	8290
禂	8291
塤	8292
譖	8293
蓍	8294
鄯	8295
笤	8296
呔	8297
憹	8298
囓	8299
鑌	8300
柝	8301
彠	8302
缶	8303
茘	8304
躃	8305
窶	8306
冝	8307
磲	8308
鴝	8309
茼	8310
覘	8311
盌	8312
褰	8313
籩	8314
鞽	8315
懕	8316
洸	8317
摜	8318
箅	8319
轝	8320
篳	8321
暌	8322
鎰	8324
巹	8325
黥	8326
蓀	8327
蝥	8328
顚	8329
匇	8330
胼	8331
絺	8332
矬	8333
閮	8334
縵	8335
掲	8336
勐	8337
殑	8338
瓨	8339
熥	8340
弇	8341
