<pad>	0
<unk>	1
<en>	2
ㄅㄚ	3
ㄅㄚˇ	4
ㄅㄚˊ	5
ㄅㄚˋ	6
ㄅㄚ˙	7
ㄅㄛ	8
ㄅㄛˇ	9
ㄅㄛˊ	10
ㄅㄛˋ	11
ㄅㄛ˙	12
ㄅㄞ	13
ㄅㄞˇ	14
ㄅㄞˊ	15
ㄅㄞˋ	16
ㄅㄟ	17
ㄅㄟˇ	18
ㄅㄟˋ	19
ㄅㄟ˙	20
ㄅㄠ	21
ㄅㄠˇ	22
ㄅㄠˊ	23
ㄅㄠˋ	24
ㄅㄢ	25
ㄅㄢˇ	26
ㄅㄢˋ	27
ㄅㄢ˙	28
ㄅㄣ	29
ㄅㄣˇ	30
ㄅㄣˋ	31
ㄅㄤ	32
ㄅㄤˇ	33
ㄅㄤˋ	34
ㄅㄥ	35
ㄅㄥˇ	36
ㄅㄥˊ	37
ㄅㄥˋ	38
ㄅㄧ	39
ㄅㄧˇ	40
ㄅㄧˊ	41
ㄅㄧˋ	42
ㄅㄧㄝ	43
ㄅㄧㄝˇ	44
ㄅㄧㄝˊ	45
ㄅㄧㄝˋ	46
ㄅㄧㄠ	47
ㄅㄧㄠˇ	48
ㄅㄧㄠˋ	49
ㄅㄧㄢ	50
ㄅㄧㄢˇ	51
ㄅㄧㄢˋ	52
ㄅㄧㄢ˙	53
ㄅㄧㄣ	54
ㄅㄧㄣˇ	55
ㄅㄧㄣˋ	56
ㄅㄧㄥ	57
ㄅㄧㄥˇ	58
ㄅㄧㄥˋ	59
ㄅㄨ	60
ㄅㄨˇ	61
ㄅㄨˊ	62
ㄅㄨˋ	63
ㄅㄨ˙	64
ㄆㄚ	65
ㄆㄚˊ	66
ㄆㄚˋ	67
ㄆㄚ˙	68
ㄆㄛ	69
ㄆㄛˇ	70
ㄆㄛˊ	71
ㄆㄛˋ	72
ㄆㄛ˙	73
ㄆㄞ	74
ㄆㄞˇ	75
ㄆㄞˊ	76
ㄆㄞˋ	77
ㄆㄟ	78
ㄆㄟˇ	79
ㄆㄟˊ	80
ㄆㄟˋ	81
ㄆㄠ	82
ㄆㄠˇ	83
ㄆㄠˊ	84
ㄆㄠˋ	85
ㄆㄡ	86
ㄆㄡˇ	87
ㄆㄡˊ	88
ㄆㄡˋ	89
ㄆㄢ	90
ㄆㄢˇ	91
ㄆㄢˊ	92
ㄆㄢˋ	93
ㄆㄣ	94
ㄆㄣˇ	95
ㄆㄣˊ	96
ㄆㄣˋ	97
ㄆㄤ	98
ㄆㄤˇ	99
ㄆㄤˊ	100
ㄆㄤˋ	101
ㄆㄥ	102
ㄆㄥˇ	103
ㄆㄥˊ	104
ㄆㄥˋ	105
ㄆㄧ	106
ㄆㄧˇ	107
ㄆㄧˊ	108
ㄆㄧˋ	109
ㄆㄧㄝ	110
ㄆㄧㄝˇ	111
ㄆㄧㄝˋ	112
ㄆㄧㄠ	113
ㄆㄧㄠˇ	114
ㄆㄧㄠˊ	115
ㄆㄧㄠˋ	116
ㄆㄧㄢ	117
ㄆㄧㄢˇ	118
ㄆㄧㄢˊ	119
ㄆㄧㄢˋ	120
ㄆㄧㄣ	121
ㄆㄧㄣˇ	122
ㄆㄧㄣˊ	123
ㄆㄧㄣˋ	124
ㄆㄧㄥ	125
ㄆㄧㄥˇ	126
ㄆㄧㄥˊ	127
ㄆㄧㄥˋ	128
ㄆㄨ	129
ㄆㄨˇ	130
ㄆㄨˊ	131
ㄆㄨˋ	132
ㄇㄚ	133
ㄇㄚˇ	134
ㄇㄚˊ	135
ㄇㄚˋ	136
ㄇㄚ˙	137
ㄇㄛ	138
ㄇㄛˇ	139
ㄇㄛˊ	140
ㄇㄛˋ	141
ㄇㄜ˙	142
ㄇㄞˇ	143
ㄇㄞˊ	144
ㄇㄞˋ	145
ㄇㄟˇ	146
ㄇㄟˊ	147
ㄇㄟˋ	148
ㄇㄟ˙	149
ㄇㄠ	150
ㄇㄠˇ	151
ㄇㄠˊ	152
ㄇㄠˋ	153
ㄇㄡ	154
ㄇㄡˇ	155
ㄇㄡˊ	156
ㄇㄡˋ	157
ㄇㄢ	158
ㄇㄢˇ	159
ㄇㄢˊ	160
ㄇㄢˋ	161
ㄇㄣ	162
ㄇㄣˇ	163
ㄇㄣˊ	164
ㄇㄣˋ	165
ㄇㄣ˙	166
ㄇㄤˇ	167
ㄇㄤˊ	168
ㄇㄥ	169
ㄇㄥˇ	170
ㄇㄥˊ	171
ㄇㄥˋ	172
ㄇㄧ	173
ㄇㄧˇ	174
ㄇㄧˊ	175
ㄇㄧˋ	176
ㄇㄧㄝ	177
ㄇㄧㄝˋ	178
ㄇㄧㄝ˙	179
ㄇㄧㄠ	180
ㄇㄧㄠˇ	181
ㄇㄧㄠˊ	182
ㄇㄧㄠˋ	183
ㄇㄧㄡ	184
ㄇㄧㄡˋ	185
ㄇㄧㄢˇ	186
ㄇㄧㄢˊ	187
ㄇㄧㄢˋ	188
ㄇㄧㄣˇ	189
ㄇㄧㄣˊ	190
ㄇㄧㄥˇ	191
ㄇㄧㄥˊ	192
ㄇㄧㄥˋ	193
ㄇㄨ	194
ㄇㄨˇ	195
ㄇㄨˊ	196
ㄇㄨˋ	197
ㄈㄚ	198
ㄈㄚˇ	199
ㄈㄚˊ	200
ㄈㄚˋ	201
ㄈㄛˊ	202
ㄈㄟ	203
ㄈㄟˇ	204
ㄈㄟˊ	205
ㄈㄟˋ	206
ㄈㄡ	207
ㄈㄡˇ	208
ㄈㄡˊ	209
ㄈㄡˋ	210
ㄈㄢ	211
ㄈㄢˇ	212
ㄈㄢˊ	213
ㄈㄢˋ	214
ㄈㄣ	215
ㄈㄣˇ	216
ㄈㄣˊ	217
ㄈㄣˋ	218
ㄈㄤ	219
ㄈㄤˇ	220
ㄈㄤˊ	221
ㄈㄤˋ	222
ㄈㄤ˙	223
ㄈㄥ	224
ㄈㄥˇ	225
ㄈㄥˊ	226
ㄈㄥˋ	227
ㄈㄧㄠˋ	228
ㄈㄨ	229
ㄈㄨˇ	230
ㄈㄨˊ	231
ㄈㄨˋ	232
ㄉㄚ	233
ㄉㄚˇ	234
ㄉㄚˊ	235
ㄉㄚˋ	236
ㄉㄚ˙	237
ㄉㄜˊ	238
ㄉㄜ˙	239
ㄉㄞ	240
ㄉㄞˇ	241
ㄉㄞˋ	242
ㄉㄟˇ	243
ㄉㄠ	244
ㄉㄠˇ	245
ㄉㄠˊ	246
ㄉㄠˋ	247
ㄉㄡ	248
ㄉㄡˇ	249
ㄉㄡˋ	250
ㄉㄢ	251
ㄉㄢˇ	252
ㄉㄢˋ	253
ㄉㄣˋ	254
ㄉㄤ	255
ㄉㄤˇ	256
ㄉㄤˋ	257
ㄉㄤ˙	258
ㄉㄥ	259
ㄉㄥˇ	260
ㄉㄥˋ	261
ㄉㄧ	262
ㄉㄧˇ	263
ㄉㄧˊ	264
ㄉㄧˋ	265
ㄉㄧ˙	266
ㄉㄧㄚˇ	267
ㄉㄧㄝ	268
ㄉㄧㄝˇ	269
ㄉㄧㄝˊ	270
ㄉㄧㄝˋ	271
ㄉㄧㄝ˙	272
ㄉㄧㄠ	273
ㄉㄧㄠˇ	274
ㄉㄧㄠˋ	275
ㄉㄧㄡ	276
ㄉㄧㄢ	277
ㄉㄧㄢˇ	278
ㄉㄧㄢˋ	279
ㄉㄧㄥ	280
ㄉㄧㄥˇ	281
ㄉㄧㄥˋ	282
ㄉㄨ	283
ㄉㄨˇ	284
ㄉㄨˊ	285
ㄉㄨˋ	286
ㄉㄨㄛ	287
ㄉㄨㄛˇ	288
ㄉㄨㄛˊ	289
ㄉㄨㄛˋ	290
ㄉㄨㄛ˙	291
ㄉㄨㄟ	292
ㄉㄨㄟˇ	293
ㄉㄨㄟˋ	294
ㄉㄨㄢ	295
ㄉㄨㄢˇ	296
ㄉㄨㄢˋ	297
ㄉㄨㄣ	298
ㄉㄨㄣˇ	299
ㄉㄨㄣˋ	300
ㄉㄨㄥ	301
ㄉㄨㄥˇ	302
ㄉㄨㄥˋ	303
ㄊㄚ	304
ㄊㄚˇ	305
ㄊㄚˋ	306
ㄊㄚ˙	307
ㄊㄜˋ	308
ㄊㄞ	309
ㄊㄞˇ	310
ㄊㄞˊ	311
ㄊㄞˋ	312
ㄊㄟ	313
ㄊㄠ	314
ㄊㄠˇ	315
ㄊㄠˊ	316
ㄊㄠˋ	317
ㄊㄠ˙	318
ㄊㄡ	319
ㄊㄡˇ	320
ㄊㄡˊ	321
ㄊㄡˋ	322
ㄊㄡ˙	323
ㄊㄢ	324
ㄊㄢˇ	325
ㄊㄢˊ	326
ㄊㄢˋ	327
ㄊㄤ	328
ㄊㄤˇ	329
ㄊㄤˊ	330
ㄊㄤˋ	331
ㄊㄥ	332
ㄊㄥˊ	333
ㄊㄥˋ	334
ㄊㄧ	335
ㄊㄧˇ	336
ㄊㄧˊ	337
ㄊㄧˋ	338
ㄊㄧㄝ	339
ㄊㄧㄝˇ	340
ㄊㄧㄝˋ	341
ㄊㄧㄠ	342
ㄊㄧㄠˇ	343
ㄊㄧㄠˊ	344
ㄊㄧㄠˋ	345
ㄊㄧㄠ˙	346
ㄊㄧㄢ	347
ㄊㄧㄢˇ	348
ㄊㄧㄢˊ	349
ㄊㄧㄢˋ	350
ㄊㄧㄥ	351
ㄊㄧㄥˇ	352
ㄊㄧㄥˊ	353
ㄊㄧㄥˋ	354
ㄊㄨ	355
ㄊㄨˇ	356
ㄊㄨˊ	357
ㄊㄨˋ	358
ㄊㄨㄛ	359
ㄊㄨㄛˇ	360
ㄊㄨㄛˊ	361
ㄊㄨㄛˋ	362
ㄊㄨㄟ	363
ㄊㄨㄟˇ	364
ㄊㄨㄟˊ	365
ㄊㄨㄟˋ	366
ㄊㄨㄢ	367
ㄊㄨㄢˇ	368
ㄊㄨㄢˊ	369
ㄊㄨㄢˋ	370
ㄊㄨㄣ	371
ㄊㄨㄣˇ	372
ㄊㄨㄣˊ	373
ㄊㄨㄣˋ	374
ㄊㄨㄥ	375
ㄊㄨㄥˇ	376
ㄊㄨㄥˊ	377
ㄊㄨㄥˋ	378
ㄋ	379
ㄋ˙	380
ㄋㄍ	381
ㄋㄍˇ	382
ㄋㄍˊ	383
ㄋㄍˋ	384
ㄋㄍ˙	385
ㄋㄚ	386
ㄋㄚˇ	387
ㄋㄚˊ	388
ㄋㄚˋ	389
ㄋㄚ˙	390
ㄋㄜ	391
ㄋㄜˊ	392
ㄋㄜˋ	393
ㄋㄜ˙	394
ㄋㄞˇ	395
ㄋㄞˊ	396
ㄋㄞˋ	397
ㄋㄟˇ	398
ㄋㄟˋ	399
ㄋㄠ	400
ㄋㄠˇ	401
ㄋㄠˊ	402
ㄋㄠˋ	403
ㄋㄡˇ	404
ㄋㄡˊ	405
ㄋㄡˋ	406
ㄋㄢ	407
ㄋㄢˇ	408
ㄋㄢˊ	409
ㄋㄢˋ	410
ㄋㄣˋ	411
ㄋㄤ	412
ㄋㄤˇ	413
ㄋㄤˊ	414
ㄋㄤˋ	415
ㄋㄤ˙	416
ㄋㄥˇ	417
ㄋㄥˊ	418
ㄋㄥˋ	419
ㄋㄧ	420
ㄋㄧˇ	421
ㄋㄧˊ	422
ㄋㄧˋ	423
ㄋㄧㄝ	424
ㄋㄧㄝˊ	425
ㄋㄧㄝˋ	426
ㄋㄧㄠˇ	427
ㄋㄧㄠˋ	428
ㄋㄧㄡ	429
ㄋㄧㄡˇ	430
ㄋㄧㄡˊ	431
ㄋㄧㄡˋ	432
ㄋㄧㄢ	433
ㄋㄧㄢˇ	434
ㄋㄧㄢˊ	435
ㄋㄧㄢˋ	436
ㄋㄧㄣˇ	437
ㄋㄧㄣˊ	438
ㄋㄧㄤˊ	439
ㄋㄧㄤˋ	440
ㄋㄧㄥˇ	441
ㄋㄧㄥˊ	442
ㄋㄧㄥˋ	443
ㄋㄨˇ	444
ㄋㄨˊ	445
ㄋㄨˋ	446
ㄋㄨㄛˇ	447
ㄋㄨㄛˊ	448
ㄋㄨㄛˋ	449
ㄋㄨㄢˇ	450
ㄋㄨㄢˊ	451
ㄋㄨㄢˋ	452
ㄋㄨㄥˇ	453
ㄋㄨㄥˊ	454
ㄋㄨㄥˋ	455
ㄋㄨㄥ˙	456
ㄋㄩˇ	457
ㄋㄩˋ	458
ㄋㄩㄝˋ	459
ㄌㄚ	460
ㄌㄚˇ	461
ㄌㄚˊ	462
ㄌㄚˋ	463
ㄌㄚ˙	464
ㄌㄛ˙	465
ㄌㄜ	466
ㄌㄜˋ	467
ㄌㄜ˙	468
ㄌㄞˇ	469
ㄌㄞˊ	470
ㄌㄞˋ	471
ㄌㄟ	472
ㄌㄟˇ	473
ㄌㄟˊ	474
ㄌㄟˋ	475
ㄌㄟ˙	476
ㄌㄠ	477
ㄌㄠˇ	478
ㄌㄠˊ	479
ㄌㄠˋ	480
ㄌㄡ	481
ㄌㄡˇ	482
ㄌㄡˊ	483
ㄌㄡˋ	484
ㄌㄡ˙	485
ㄌㄢˇ	486
ㄌㄢˊ	487
ㄌㄢˋ	488
ㄌㄤ	489
ㄌㄤˇ	490
ㄌㄤˊ	491
ㄌㄤˋ	492
ㄌㄤ˙	493
ㄌㄥ	494
ㄌㄥˇ	495
ㄌㄥˊ	496
ㄌㄥˋ	497
ㄌㄧ	498
ㄌㄧˇ	499
ㄌㄧˊ	500
ㄌㄧˋ	501
ㄌㄧ˙	502
ㄌㄧㄚˇ	503
ㄌㄧㄝ	504
ㄌㄧㄝˇ	505
ㄌㄧㄝˊ	506
ㄌㄧㄝˋ	507
ㄌㄧㄝ˙	508
ㄌㄧㄠ	509
ㄌㄧㄠˇ	510
ㄌㄧㄠˊ	511
ㄌㄧㄠˋ	512
ㄌㄧㄡ	513
ㄌㄧㄡˇ	514
ㄌㄧㄡˊ	515
ㄌㄧㄡˋ	516
ㄌㄧㄡ˙	517
ㄌㄧㄢˇ	518
ㄌㄧㄢˊ	519
ㄌㄧㄢˋ	520
ㄌㄧㄣ	521
ㄌㄧㄣˇ	522
ㄌㄧㄣˊ	523
ㄌㄧㄣˋ	524
ㄌㄧㄤˇ	525
ㄌㄧㄤˊ	526
ㄌㄧㄤˋ	527
ㄌㄧㄥ	528
ㄌㄧㄥˇ	529
ㄌㄧㄥˊ	530
ㄌㄧㄥˋ	531
ㄌㄨ	532
ㄌㄨˇ	533
ㄌㄨˊ	534
ㄌㄨˋ	535
ㄌㄨ˙	536
ㄌㄨㄛ	537
ㄌㄨㄛˇ	538
ㄌㄨㄛˊ	539
ㄌㄨㄛˋ	540
ㄌㄨㄛ˙	541
ㄌㄨㄢˇ	542
ㄌㄨㄢˊ	543
ㄌㄨㄢˋ	544
ㄌㄨㄣ	545
ㄌㄨㄣˇ	546
ㄌㄨㄣˊ	547
ㄌㄨㄣˋ	548
ㄌㄨㄥ	549
ㄌㄨㄥˇ	550
ㄌㄨㄥˊ	551
ㄌㄨㄥˋ	552
ㄌㄩˇ	553
ㄌㄩˊ	554
ㄌㄩˋ	555
ㄌㄩㄝˇ	556
ㄌㄩㄝˋ	557
ㄍㄚ	558
ㄍㄚˇ	559
ㄍㄚˊ	560
ㄍㄚˋ	561
ㄍㄚ˙	562
ㄍㄜ	563
ㄍㄜˇ	564
ㄍㄜˊ	565
ㄍㄜˋ	566
ㄍㄜ˙	567
ㄍㄞ	568
ㄍㄞˇ	569
ㄍㄞˋ	570
ㄍㄟˇ	571
ㄍㄠ	572
ㄍㄠˇ	573
ㄍㄠˋ	574
ㄍㄡ	575
ㄍㄡˇ	576
ㄍㄡˋ	577
ㄍㄢ	578
ㄍㄢˇ	579
ㄍㄢˋ	580
ㄍㄣ	581
ㄍㄣˇ	582
ㄍㄣˊ	583
ㄍㄣˋ	584
ㄍㄤ	585
ㄍㄤˇ	586
ㄍㄤˋ	587
ㄍㄥ	588
ㄍㄥˇ	589
ㄍㄥˋ	590
ㄍㄨ	591
ㄍㄨˇ	592
ㄍㄨˊ	593
ㄍㄨˋ	594
ㄍㄨ˙	595
ㄍㄨㄚ	596
ㄍㄨㄚˇ	597
ㄍㄨㄚˋ	598
ㄍㄨㄛ	599
ㄍㄨㄛˇ	600
ㄍㄨㄛˊ	601
ㄍㄨㄛˋ	602
ㄍㄨㄛ˙	603
ㄍㄨㄞ	604
ㄍㄨㄞˇ	605
ㄍㄨㄞˋ	606
ㄍㄨㄟ	607
ㄍㄨㄟˇ	608
ㄍㄨㄟˋ	609
ㄍㄨㄢ	610
ㄍㄨㄢˇ	611
ㄍㄨㄢˋ	612
ㄍㄨㄣˇ	613
ㄍㄨㄣˋ	614
ㄍㄨㄤ	615
ㄍㄨㄤˇ	616
ㄍㄨㄤˋ	617
ㄍㄨㄥ	618
ㄍㄨㄥˇ	619
ㄍㄨㄥˋ	620
ㄎㄚ	621
ㄎㄚˇ	622
ㄎㄚˋ	623
ㄎㄜ	624
ㄎㄜˇ	625
ㄎㄜˊ	626
ㄎㄜˋ	627
ㄎㄜ˙	628
ㄎㄞ	629
ㄎㄞˇ	630
ㄎㄞˋ	631
ㄎㄟ	632
ㄎㄠ	633
ㄎㄠˇ	634
ㄎㄠˋ	635
ㄎㄡ	636
ㄎㄡˇ	637
ㄎㄡˋ	638
ㄎㄢ	639
ㄎㄢˇ	640
ㄎㄢˋ	641
ㄎㄣˇ	642
ㄎㄣˋ	643
ㄎㄤ	644
ㄎㄤˇ	645
ㄎㄤˊ	646
ㄎㄤˋ	647
ㄎㄥ	648
ㄎㄥˇ	649
ㄎㄨ	650
ㄎㄨˇ	651
ㄎㄨˋ	652
ㄎㄨㄚ	653
ㄎㄨㄚˇ	654
ㄎㄨㄚˋ	655
ㄎㄨㄛˇ	656
ㄎㄨㄛˋ	657
ㄎㄨㄞ	658
ㄎㄨㄞˇ	659
ㄎㄨㄞˋ	660
ㄎㄨㄟ	661
ㄎㄨㄟˇ	662
ㄎㄨㄟˊ	663
ㄎㄨㄟˋ	664
ㄎㄨㄢ	665
ㄎㄨㄢˇ	666
ㄎㄨㄣ	667
ㄎㄨㄣˇ	668
ㄎㄨㄣˋ	669
ㄎㄨㄤ	670
ㄎㄨㄤˇ	671
ㄎㄨㄤˊ	672
ㄎㄨㄤˋ	673
ㄎㄨㄥ	674
ㄎㄨㄥˇ	675
ㄎㄨㄥˋ	676
ㄏㄇ	677
ㄏㄇ˙	678
ㄏㄋㄍ	679
ㄏㄋㄍ˙	680
ㄏㄚ	681
ㄏㄚˇ	682
ㄏㄚˊ	683
ㄏㄚˋ	684
ㄏㄜ	685
ㄏㄜˊ	686
ㄏㄜˋ	687
ㄏㄞ	688
ㄏㄞˇ	689
ㄏㄞˊ	690
ㄏㄞˋ	691
ㄏㄟ	692
ㄏㄟˇ	693
ㄏㄠ	694
ㄏㄠˇ	695
ㄏㄠˊ	696
ㄏㄠˋ	697
ㄏㄡ	698
ㄏㄡˇ	699
ㄏㄡˊ	700
ㄏㄡˋ	701
ㄏㄡ˙	702
ㄏㄢ	703
ㄏㄢˇ	704
ㄏㄢˊ	705
ㄏㄢˋ	706
ㄏㄣ	707
ㄏㄣˇ	708
ㄏㄣˊ	709
ㄏㄣˋ	710
ㄏㄤ	711
ㄏㄤˇ	712
ㄏㄤˊ	713
ㄏㄤˋ	714
ㄏㄥ	715
ㄏㄥˊ	716
ㄏㄥˋ	717
ㄏㄥ˙	718
ㄏㄨ	719
ㄏㄨˇ	720
ㄏㄨˊ	721
ㄏㄨˋ	722
ㄏㄨㄚ	723
ㄏㄨㄚˊ	724
ㄏㄨㄚˋ	725
ㄏㄨㄛ	726
ㄏㄨㄛˇ	727
ㄏㄨㄛˊ	728
ㄏㄨㄛˋ	729
ㄏㄨㄛ˙	730
ㄏㄨㄞˊ	731
ㄏㄨㄞˋ	732
ㄏㄨㄞ˙	733
ㄏㄨㄟ	734
ㄏㄨㄟˇ	735
ㄏㄨㄟˊ	736
ㄏㄨㄟˋ	737
ㄏㄨㄢ	738
ㄏㄨㄢˇ	739
ㄏㄨㄢˊ	740
ㄏㄨㄢˋ	741
ㄏㄨㄣ	742
ㄏㄨㄣˇ	743
ㄏㄨㄣˊ	744
ㄏㄨㄣˋ	745
ㄏㄨㄤ	746
ㄏㄨㄤˇ	747
ㄏㄨㄤˊ	748
ㄏㄨㄤˋ	749
ㄏㄨㄤ˙	750
ㄏㄨㄥ	751
ㄏㄨㄥˇ	752
ㄏㄨㄥˊ	753
ㄏㄨㄥˋ	754
ㄐㄧ	755
ㄐㄧˇ	756
ㄐㄧˊ	757
ㄐㄧˋ	758
ㄐㄧㄚ	759
ㄐㄧㄚˇ	760
ㄐㄧㄚˊ	761
ㄐㄧㄚˋ	762
ㄐㄧㄚ˙	763
ㄐㄧㄝ	764
ㄐㄧㄝˇ	765
ㄐㄧㄝˊ	766
ㄐㄧㄝˋ	767
ㄐㄧㄝ˙	768
ㄐㄧㄠ	769
ㄐㄧㄠˇ	770
ㄐㄧㄠˊ	771
ㄐㄧㄠˋ	772
ㄐㄧㄡ	773
ㄐㄧㄡˇ	774
ㄐㄧㄡˋ	775
ㄐㄧㄡ˙	776
ㄐㄧㄢ	777
ㄐㄧㄢˇ	778
ㄐㄧㄢˋ	779
ㄐㄧㄣ	780
ㄐㄧㄣˇ	781
ㄐㄧㄣˋ	782
ㄐㄧㄤ	783
ㄐㄧㄤˇ	784
ㄐㄧㄤˋ	785
ㄐㄧㄥ	786
ㄐㄧㄥˇ	787
ㄐㄧㄥˋ	788
ㄐㄩ	789
ㄐㄩˇ	790
ㄐㄩˊ	791
ㄐㄩˋ	792
ㄐㄩㄝ	793
ㄐㄩㄝˇ	794
ㄐㄩㄝˊ	795
ㄐㄩㄝˋ	796
ㄐㄩㄢ	797
ㄐㄩㄢˇ	798
ㄐㄩㄢˋ	799
ㄐㄩㄣ	800
ㄐㄩㄣˇ	801
ㄐㄩㄣˋ	802
ㄐㄩㄥ	803
ㄐㄩㄥˇ	804
ㄐㄩㄥˋ	805
ㄑㄧ	806
ㄑㄧˇ	807
ㄑㄧˊ	808
ㄑㄧˋ	809
ㄑㄧㄚ	810
ㄑㄧㄚˇ	811
ㄑㄧㄚˋ	812
ㄑㄧㄝ	813
ㄑㄧㄝˇ	814
ㄑㄧㄝˊ	815
ㄑㄧㄝˋ	816
ㄑㄧㄠ	817
ㄑㄧㄠˇ	818
ㄑㄧㄠˊ	819
ㄑㄧㄠˋ	820
ㄑㄧㄡ	821
ㄑㄧㄡˇ	822
ㄑㄧㄡˊ	823
ㄑㄧㄡˋ	824
ㄑㄧㄢ	825
ㄑㄧㄢˇ	826
ㄑㄧㄢˊ	827
ㄑㄧㄢˋ	828
ㄑㄧㄣ	829
ㄑㄧㄣˇ	830
ㄑㄧㄣˊ	831
ㄑㄧㄣˋ	832
ㄑㄧㄤ	833
ㄑㄧㄤˇ	834
ㄑㄧㄤˊ	835
ㄑㄧㄤˋ	836
ㄑㄧㄥ	837
ㄑㄧㄥˇ	838
ㄑㄧㄥˊ	839
ㄑㄧㄥˋ	840
ㄑㄩ	841
ㄑㄩˇ	842
ㄑㄩˊ	843
ㄑㄩˋ	844
ㄑㄩ˙	845
ㄑㄩㄝ	846
ㄑㄩㄝˊ	847
ㄑㄩㄝˋ	848
ㄑㄩㄢ	849
ㄑㄩㄢˇ	850
ㄑㄩㄢˊ	851
ㄑㄩㄢˋ	852
ㄑㄩㄣ	853
ㄑㄩㄣˇ	854
ㄑㄩㄣˊ	855
ㄑㄩㄥ	856
ㄑㄩㄥˇ	857
ㄑㄩㄥˊ	858
ㄒㄧ	859
ㄒㄧˇ	860
ㄒㄧˊ	861
ㄒㄧˋ	862
ㄒㄧ˙	863
ㄒㄧㄚ	864
ㄒㄧㄚˇ	865
ㄒㄧㄚˊ	866
ㄒㄧㄚˋ	867
ㄒㄧㄝ	868
ㄒㄧㄝˇ	869
ㄒㄧㄝˊ	870
ㄒㄧㄝˋ	871
ㄒㄧㄝ˙	872
ㄒㄧㄠ	873
ㄒㄧㄠˇ	874
ㄒㄧㄠˊ	875
ㄒㄧㄠˋ	876
ㄒㄧㄡ	877
ㄒㄧㄡˇ	878
ㄒㄧㄡˊ	879
ㄒㄧㄡˋ	880
ㄒㄧㄢ	881
ㄒㄧㄢˇ	882
ㄒㄧㄢˊ	883
ㄒㄧㄢˋ	884
ㄒㄧㄣ	885
ㄒㄧㄣˇ	886
ㄒㄧㄣˊ	887
ㄒㄧㄣˋ	888
ㄒㄧㄤ	889
ㄒㄧㄤˇ	890
ㄒㄧㄤˊ	891
ㄒㄧㄤˋ	892
ㄒㄧㄥ	893
ㄒㄧㄥˇ	894
ㄒㄧㄥˊ	895
ㄒㄧㄥˋ	896
ㄒㄩ	897
ㄒㄩˇ	898
ㄒㄩˊ	899
ㄒㄩˋ	900
ㄒㄩ˙	901
ㄒㄩㄝ	902
ㄒㄩㄝˇ	903
ㄒㄩㄝˊ	904
ㄒㄩㄝˋ	905
ㄒㄩㄢ	906
ㄒㄩㄢˇ	907
ㄒㄩㄢˊ	908
ㄒㄩㄢˋ	909
ㄒㄩㄣ	910
ㄒㄩㄣˊ	911
ㄒㄩㄣˋ	912
ㄒㄩㄥ	913
ㄒㄩㄥˇ	914
ㄒㄩㄥˊ	915
ㄒㄩㄥˋ	916
ㄓ	917
ㄓˇ	918
ㄓˊ	919
ㄓˋ	920
ㄓㄚ	921
ㄓㄚˇ	922
ㄓㄚˊ	923
ㄓㄚˋ	924
ㄓㄚ˙	925
ㄓㄜ	926
ㄓㄜˇ	927
ㄓㄜˊ	928
ㄓㄜˋ	929
ㄓㄜ˙	930
ㄓㄞ	931
ㄓㄞˇ	932
ㄓㄞˊ	933
ㄓㄞˋ	934
ㄓㄟˋ	935
ㄓㄠ	936
ㄓㄠˇ	937
ㄓㄠˊ	938
ㄓㄠˋ	939
ㄓㄡ	940
ㄓㄡˇ	941
ㄓㄡˊ	942
ㄓㄡˋ	943
ㄓㄢ	944
ㄓㄢˇ	945
ㄓㄢˋ	946
ㄓㄣ	947
ㄓㄣˇ	948
ㄓㄣˋ	949
ㄓㄤ	950
ㄓㄤˇ	951
ㄓㄤˋ	952
ㄓㄥ	953
ㄓㄥˇ	954
ㄓㄥˋ	955
ㄓㄨ	956
ㄓㄨˇ	957
ㄓㄨˊ	958
ㄓㄨˋ	959
ㄓㄨㄚ	960
ㄓㄨㄚˇ	961
ㄓㄨㄛ	962
ㄓㄨㄛˊ	963
ㄓㄨㄛˋ	964
ㄓㄨㄞ	965
ㄓㄨㄞˇ	966
ㄓㄨㄞˋ	967
ㄓㄨㄟ	968
ㄓㄨㄟˇ	969
ㄓㄨㄟˋ	970
ㄓㄨㄢ	971
ㄓㄨㄢˇ	972
ㄓㄨㄢˋ	973
ㄓㄨㄣ	974
ㄓㄨㄣˇ	975
ㄓㄨㄣˋ	976
ㄓㄨㄤ	977
ㄓㄨㄤˇ	978
ㄓㄨㄤˋ	979
ㄓㄨㄥ	980
ㄓㄨㄥˇ	981
ㄓㄨㄥˋ	982
ㄔ	983
ㄔˇ	984
ㄔˊ	985
ㄔˋ	986
ㄔ˙	987
ㄔㄚ	988
ㄔㄚˇ	989
ㄔㄚˊ	990
ㄔㄚˋ	991
ㄔㄜ	992
ㄔㄜˇ	993
ㄔㄜˋ	994
ㄔㄞ	995
ㄔㄞˇ	996
ㄔㄞˊ	997
ㄔㄞˋ	998
ㄔㄠ	999
ㄔㄠˇ	1000
ㄔㄠˊ	1001
ㄔㄠˋ	1002
ㄔㄡ	1003
ㄔㄡˇ	1004
ㄔㄡˊ	1005
ㄔㄡˋ	1006
ㄔㄢ	1007
ㄔㄢˇ	1008
ㄔㄢˊ	1009
ㄔㄢˋ	1010
ㄔㄣ	1011
ㄔㄣˇ	1012
ㄔㄣˊ	1013
ㄔㄣˋ	1014
ㄔㄣ˙	1015
ㄔㄤ	1016
ㄔㄤˇ	1017
ㄔㄤˊ	1018
ㄔㄤˋ	1019
ㄔㄥ	1020
ㄔㄥˇ	1021
ㄔㄥˊ	1022
ㄔㄥˋ	1023
ㄔㄨ	1024
ㄔㄨˇ	1025
ㄔㄨˊ	1026
ㄔㄨˋ	1027
ㄔㄨ˙	1028
ㄔㄨㄚ	1029
ㄔㄨㄚˇ	1030
ㄔㄨㄛ	1031
ㄔㄨㄛˋ	1032
ㄔㄨㄞ	1033
ㄔㄨㄞˇ	1034
ㄔㄨㄞˊ	1035
ㄔㄨㄞˋ	1036
ㄔㄨㄟ	1037
ㄔㄨㄟˊ	1038
ㄔㄨㄟˋ	1039
ㄔㄨㄢ	1040
ㄔㄨㄢˇ	1041
ㄔㄨㄢˊ	1042
ㄔㄨㄢˋ	1043
ㄔㄨㄣ	1044
ㄔㄨㄣˇ	1045
ㄔㄨㄣˊ	1046
ㄔㄨㄤ	1047
ㄔㄨㄤˇ	1048
ㄔㄨㄤˊ	1049
ㄔㄨㄤˋ	1050
ㄔㄨㄥ	1051
ㄔㄨㄥˇ	1052
ㄔㄨㄥˊ	1053
ㄔㄨㄥˋ	1054
ㄕ	1055
ㄕˇ	1056
ㄕˊ	1057
ㄕˋ	1058
ㄕ˙	1059
ㄕㄚ	1060
ㄕㄚˇ	1061
ㄕㄚˊ	1062
ㄕㄚˋ	1063
ㄕㄚ˙	1064
ㄕㄜ	1065
ㄕㄜˇ	1066
ㄕㄜˊ	1067
ㄕㄜˋ	1068
ㄕㄞ	1069
ㄕㄞˇ	1070
ㄕㄞˋ	1071
ㄕㄟˊ	1072
ㄕㄠ	1073
ㄕㄠˇ	1074
ㄕㄠˊ	1075
ㄕㄠˋ	1076
ㄕㄡ	1077
ㄕㄡˇ	1078
ㄕㄡˊ	1079
ㄕㄡˋ	1080
ㄕㄢ	1081
ㄕㄢˇ	1082
ㄕㄢˋ	1083
ㄕㄣ	1084
ㄕㄣˇ	1085
ㄕㄣˊ	1086
ㄕㄣˋ	1087
ㄕㄣ˙	1088
ㄕㄤ	1089
ㄕㄤˇ	1090
ㄕㄤˋ	1091
ㄕㄤ˙	1092
ㄕㄥ	1093
ㄕㄥˇ	1094
ㄕㄥˊ	1095
ㄕㄥˋ	1096
ㄕㄨ	1097
ㄕㄨˇ	1098
ㄕㄨˊ	1099
ㄕㄨˋ	1100
ㄕㄨ˙	1101
ㄕㄨㄚ	1102
ㄕㄨㄚˇ	1103
ㄕㄨㄚˋ	1104
ㄕㄨㄛ	1105
ㄕㄨㄛˊ	1106
ㄕㄨㄛˋ	1107
ㄕㄨㄞ	1108
ㄕㄨㄞˇ	1109
ㄕㄨㄞˋ	1110
ㄕㄨㄟˇ	1111
ㄕㄨㄟˊ	1112
ㄕㄨㄟˋ	1113
ㄕㄨㄢ	1114
ㄕㄨㄢˋ	1115
ㄕㄨㄣˇ	1116
ㄕㄨㄣˋ	1117
ㄕㄨㄤ	1118
ㄕㄨㄤˇ	1119
ㄕㄨㄤˋ	1120
ㄖ	1121
ㄖˋ	1122
ㄖㄜˇ	1123
ㄖㄜˊ	1124
ㄖㄜˋ	1125
ㄖㄠˇ	1126
ㄖㄠˊ	1127
ㄖㄠˋ	1128
ㄖㄡˇ	1129
ㄖㄡˊ	1130
ㄖㄡˋ	1131
ㄖㄢˇ	1132
ㄖㄢˊ	1133
ㄖㄣˇ	1134
ㄖㄣˊ	1135
ㄖㄣˋ	1136
ㄖㄤ	1137
ㄖㄤˇ	1138
ㄖㄤˊ	1139
ㄖㄤˋ	1140
ㄖㄥ	1141
ㄖㄥˇ	1142
ㄖㄥˊ	1143
ㄖㄥˋ	1144
ㄖㄨˇ	1145
ㄖㄨˊ	1146
ㄖㄨˋ	1147
ㄖㄨㄚˊ	1148
ㄖㄨㄛˊ	1149
ㄖㄨㄛˋ	1150
ㄖㄨㄟˇ	1151
ㄖㄨㄟˊ	1152
ㄖㄨㄟˋ	1153
ㄖㄨㄢˇ	1154
ㄖㄨㄢˊ	1155
ㄖㄨㄢˋ	1156
ㄖㄨㄣ	1157
ㄖㄨㄣˊ	1158
ㄖㄨㄣˋ	1159
ㄖㄨㄥ	1160
ㄖㄨㄥˇ	1161
ㄖㄨㄥˊ	1162
ㄖㄨㄥˋ	1163
ㄗ	1164
ㄗˇ	1165
ㄗˊ	1166
ㄗˋ	1167
ㄗ˙	1168
ㄗㄚ	1169
ㄗㄚˇ	1170
ㄗㄚˊ	1171
ㄗㄚˋ	1172
ㄗㄜˇ	1173
ㄗㄜˊ	1174
ㄗㄜˋ	1175
ㄗㄜ˙	1176
ㄗㄞ	1177
ㄗㄞˇ	1178
ㄗㄞˋ	1179
ㄗㄞ˙	1180
ㄗㄟˊ	1181
ㄗㄠ	1182
ㄗㄠˇ	1183
ㄗㄠˊ	1184
ㄗㄠˋ	1185
ㄗㄡ	1186
ㄗㄡˇ	1187
ㄗㄡˋ	1188
ㄗㄢ	1189
ㄗㄢˇ	1190
ㄗㄢˊ	1191
ㄗㄢˋ	1192
ㄗㄢ˙	1193
ㄗㄣˇ	1194
ㄗㄣˋ	1195
ㄗㄤ	1196
ㄗㄤˇ	1197
ㄗㄤˋ	1198
ㄗㄥ	1199
ㄗㄥˇ	1200
ㄗㄥˋ	1201
ㄗㄨ	1202
ㄗㄨˇ	1203
ㄗㄨˊ	1204
ㄗㄨˋ	1205
ㄗㄨㄛ	1206
ㄗㄨㄛˇ	1207
ㄗㄨㄛˊ	1208
ㄗㄨㄛˋ	1209
ㄗㄨㄟ	1210
ㄗㄨㄟˇ	1211
ㄗㄨㄟˋ	1212
ㄗㄨㄢ	1213
ㄗㄨㄢˇ	1214
ㄗㄨㄢˋ	1215
ㄗㄨㄣ	1216
ㄗㄨㄣˇ	1217
ㄗㄨㄣˊ	1218
ㄗㄨㄣˋ	1219
ㄗㄨㄥ	1220
ㄗㄨㄥˇ	1221
ㄗㄨㄥˋ	1222
ㄘ	1223
ㄘˇ	1224
ㄘˊ	1225
ㄘˋ	1226
ㄘㄚ	1227
ㄘㄚˇ	1228
ㄘㄚˋ	1229
ㄘㄜˋ	1230
ㄘㄞ	1231
ㄘㄞˇ	1232
ㄘㄞˊ	1233
ㄘㄞˋ	1234
ㄘㄠ	1235
ㄘㄠˇ	1236
ㄘㄠˊ	1237
ㄘㄠˋ	1238
ㄘㄡ	1239
ㄘㄡˇ	1240
ㄘㄡˋ	1241
ㄘㄢ	1242
ㄘㄢˇ	1243
ㄘㄢˊ	1244
ㄘㄢˋ	1245
ㄘㄣ	1246
ㄘㄣˊ	1247
ㄘㄤ	1248
ㄘㄤˇ	1249
ㄘㄤˊ	1250
ㄘㄤˋ	1251
ㄘㄥ	1252
ㄘㄥˇ	1253
ㄘㄥˊ	1254
ㄘㄥˋ	1255
ㄘㄨ	1256
ㄘㄨˇ	1257
ㄘㄨˊ	1258
ㄘㄨˋ	1259
ㄘㄨㄛ	1260
ㄘㄨㄛˇ	1261
ㄘㄨㄛˊ	1262
ㄘㄨㄛˋ	1263
ㄘㄨㄟ	1264
ㄘㄨㄟˇ	1265
ㄘㄨㄟˊ	1266
ㄘㄨㄟˋ	1267
ㄘㄨㄢ	1268
ㄘㄨㄢˊ	1269
ㄘㄨㄢˋ	1270
ㄘㄨㄣ	1271
ㄘㄨㄣˇ	1272
ㄘㄨㄣˊ	1273
ㄘㄨㄣˋ	1274
ㄘㄨㄥ	1275
ㄘㄨㄥˇ	1276
ㄘㄨㄥˊ	1277
ㄘㄨㄥˋ	1278
ㄙ	1279
ㄙˇ	1280
ㄙˋ	1281
ㄙ˙	1282
ㄙㄚ	1283
ㄙㄚˇ	1284
ㄙㄚˋ	1285
ㄙㄚ˙	1286
ㄙㄜˋ	1287
ㄙㄞ	1288
ㄙㄞˋ	1289
ㄙㄠ	1290
ㄙㄠˇ	1291
ㄙㄠˋ	1292
ㄙㄡ	1293
ㄙㄡˇ	1294
ㄙㄡˋ	1295
ㄙㄢ	1296
ㄙㄢˇ	1297
ㄙㄢˋ	1298
ㄙㄣ	1299
ㄙㄣˇ	1300
ㄙㄤ	1301
ㄙㄤˇ	1302
ㄙㄤˋ	1303
ㄙㄥ	1304
ㄙㄨ	1305
ㄙㄨˊ	1306
ㄙㄨˋ	1307
ㄙㄨㄛ	1308
ㄙㄨㄛˇ	1309
ㄙㄨㄛˊ	1310
ㄙㄨㄛˋ	1311
ㄙㄨㄛ˙	1312
ㄙㄨㄟ	1313
ㄙㄨㄟˇ	1314
ㄙㄨㄟˊ	1315
ㄙㄨㄟˋ	1316
ㄙㄨㄢ	1317
ㄙㄨㄢˇ	1318
ㄙㄨㄢˋ	1319
ㄙㄨㄣ	1320
ㄙㄨㄣˇ	1321
ㄙㄨㄣˋ	1322
ㄙㄨㄥ	1323
ㄙㄨㄥˇ	1324
ㄙㄨㄥˊ	1325
ㄙㄨㄥˋ	1326
ㄚ	1327
ㄚˇ	1328
ㄚˊ	1329
ㄚˋ	1330
ㄚ˙	1331
ㄛ	1332
ㄛˇ	1333
ㄛˊ	1334
ㄛˋ	1335
ㄛ˙	1336
ㄜ	1337
ㄜˇ	1338
ㄜˊ	1339
ㄜˋ	1340
ㄜ˙	1341
ㄝ	1342
ㄝˇ	1343
ㄝˊ	1344
ㄝˋ	1345
ㄞ	1346
ㄞˇ	1347
ㄞˊ	1348
ㄞˋ	1349
ㄟ	1350
ㄟˇ	1351
ㄟˊ	1352
ㄟˋ	1353
ㄠ	1354
ㄠˇ	1355
ㄠˊ	1356
ㄠˋ	1357
ㄡ	1358
ㄡˇ	1359
ㄡˊ	1360
ㄡˋ	1361
ㄡ˙	1362
ㄢ	1363
ㄢˇ	1364
ㄢˊ	1365
ㄢˋ	1366
ㄣ	1367
ㄣˇ	1368
ㄣˊ	1369
ㄣˋ	1370
ㄤ	1371
ㄤˇ	1372
ㄤˊ	1373
ㄤˋ	1374
ㄥ	1375
ㄦ	1376
ㄦˇ	1377
ㄦˊ	1378
ㄦˋ	1379
ㄦ˙	1380
ㄧ	1381
ㄧˇ	1382
ㄧˊ	1383
ㄧˋ	1384
ㄧㄚ	1385
ㄧㄚˇ	1386
ㄧㄚˊ	1387
ㄧㄚˋ	1388
ㄧㄚ˙	1389
ㄧㄛ	1390
ㄧㄛ˙	1391
ㄧㄝ	1392
ㄧㄝˇ	1393
ㄧㄝˊ	1394
ㄧㄝˋ	1395
ㄧㄝ˙	1396
ㄧㄠ	1397
ㄧㄠˇ	1398
ㄧㄠˊ	1399
ㄧㄠˋ	1400
ㄧㄡ	1401
ㄧㄡˇ	1402
ㄧㄡˊ	1403
ㄧㄡˋ	1404
ㄧㄡ˙	1405
ㄧㄢ	1406
ㄧㄢˇ	1407
ㄧㄢˊ	1408
ㄧㄢˋ	1409
ㄧㄣ	1410
ㄧㄣˇ	1411
ㄧㄣˊ	1412
ㄧㄣˋ	1413
ㄧㄣ˙	1414
ㄧㄤ	1415
ㄧㄤˇ	1416
ㄧㄤˊ	1417
ㄧㄤˋ	1418
ㄧㄤ˙	1419
ㄧㄥ	1420
ㄧㄥˇ	1421
ㄧㄥˊ	1422
ㄧㄥˋ	1423
ㄨ	1424
ㄨˇ	1425
ㄨˊ	1426
ㄨˋ	1427
ㄨㄚ	1428
ㄨㄚˇ	1429
ㄨㄚˊ	1430
ㄨㄚˋ	1431
ㄨㄚ˙	1432
ㄨㄛ	1433
ㄨㄛˇ	1434
ㄨㄛˋ	1435
ㄨㄞ	1436
ㄨㄞˇ	1437
ㄨㄞˋ	1438
ㄨㄟ	1439
ㄨㄟˇ	1440
ㄨㄟˊ	1441
ㄨㄟˋ	1442
ㄨㄢ	1443
ㄨㄢˇ	1444
ㄨㄢˊ	1445
ㄨㄢˋ	1446
ㄨㄣ	1447
ㄨㄣˇ	1448
ㄨㄣˊ	1449
ㄨㄣˋ	1450
ㄨㄤ	1451
ㄨㄤˇ	1452
ㄨㄤˊ	1453
ㄨㄤˋ	1454
ㄨㄥ	1455
ㄨㄥˇ	1456
ㄨㄥˋ	1457
ㄩ	1458
ㄩˇ	1459
ㄩˊ	1460
ㄩˋ	1461
ㄩㄝ	1462
ㄩㄝˇ	1463
ㄩㄝˋ	1464
ㄩㄢ	1465
ㄩㄢˇ	1466
ㄩㄢˊ	1467
ㄩㄢˋ	1468
ㄩㄣ	1469
ㄩㄣˇ	1470
ㄩㄣˊ	1471
ㄩㄣˋ	1472
ㄩㄥ	1473
ㄩㄥˇ	1474
ㄩㄥˊ	1475
ㄩㄥˋ	1476
ㄇㄜ	1477
ㄇㄞ	1478
ㄇㄟ	1479
ㄇㄤ	1480
ㄇㄧㄢ	1481
ㄇㄧㄣ	1482
ㄇㄧㄥ	1483
ㄈㄛ	1484
ㄈㄧㄠ	1485
ㄉㄜ	1486
ㄉㄟ	1487
ㄉㄣ	1488
ㄉㄧㄚ	1489
ㄊㄜ	1490
ㄋㄞ	1491
ㄋㄟ	1492
ㄋㄡ	1493
ㄋㄣ	1494
ㄋㄥ	1495
ㄋㄧㄠ	1496
ㄋㄧㄣ	1497
ㄋㄧㄤ	1498
ㄋㄧㄥ	1499
ㄋㄨ	1500
ㄋㄨㄛ	1501
ㄋㄨㄢ	1502
ㄋㄨㄥ	1503
ㄋㄩ	1504
ㄋㄩㄝ	1505
ㄌㄛ	1506
ㄌㄞ	1507
ㄌㄢ	1508
ㄌㄧㄚ	1509
ㄌㄧㄢ	1510
ㄌㄧㄤ	1511
ㄌㄨㄢ	1512
ㄌㄩ	1513
ㄌㄩㄝ	1514
ㄍㄟ	1515
ㄍㄨㄣ	1516
ㄎㄣ	1517
ㄎㄨㄛ	1518
ㄏㄨㄞ	1519
ㄓㄟ	1520
ㄕㄟ	1521
ㄕㄨㄟ	1522
ㄕㄨㄣ	1523
ㄖㄜ	1524
ㄖㄠ	1525
ㄖㄡ	1526
ㄖㄢ	1527
ㄖㄣ	1528
ㄖㄨ	1529
ㄖㄨㄚ	1530
ㄖㄨㄛ	1531
ㄖㄨㄟ	1532
ㄖㄨㄢ	1533
ㄗㄜ	1534
ㄗㄟ	1535
ㄗㄣ	1536
ㄘㄜ	1537
ㄙㄜ	1538
